index,005093c6-7880-8728-1256-26822f05cfb0,01393de0-e72e-5e80-f06f-8fdb5d0080cb,01d00c32-d4dc-8ce6-353c-43143401adf3,03fcbb15-14c6-b806-80b8-e2c161654dd6,04e20480-91d3-cd85-3470-8656b157978f,053bd8a0-2ed7-46e9-c088-8eaea2448192,0ab9bf2b-a0c7-f823-0fde-6295eedb207e,195bb6e0-55ec-d521-d69e-7bfa7cf86b9a,1a9a903b-9524-f8c2-a943-81a108880e46,1f6cba0e-36f5-b0c4-8117-00e1608ad7c3,20395f60-420d-ad45-5d8e-11674c5d174c,21a7c459-6987-302c-0945-5e6d691a6bb9,24ae5e42-8442-d093-94b9-7ed4f9daf5dd,25decfa4-d6e0-d757-722e-0f9db423fc2d,278e797b-f81d-27bc-0ab5-7763b027915a,28b71da8-4c96-556c-6281-c70af25020b6,2b36bb42-2be3-9075-0de9-1cc9d3480a55,2db31f15-6d47-da79-ab6a-02b55c6d065b,2e904acd-adbb-900e-bb01-0a4d495ff553,31f4e1a5-be17-3a37-ee86-1e215ffcb996,3a82977f-1b44-11d0-04b5-d214deded928,3aa57dd8-4d97-a01d-61ff-3139f2f2609b,3c6f0d0b-57cb-9c6d-ee9d-ca34ed43fa7c,3dec18f4-e83c-10a4-58d1-a41c58306e19,4328cccb-5ccb-0f74-37d8-5053dee5d75b,46cd682f-1c28-bbef-1e2d-bd54a9ade9c3,47bf00fa-1f9b-33e1-038b-0e0f19e96d93,49472968-4242-c1b7-98c2-3a5c60c33d39,551a3a14-12ed-f489-57f5-3817551bff74,55b9d221-9d0d-7576-6461-d88b1293e435,58f72607-481f-4cb5-4e92-2f7e5c2b6e73,5fd385c0-0a1d-5008-39cf-9efbbd6f415a,68cd78ff-286c-e9a3-dcfa-af2063147700,69ae0c07-45dc-1a79-b81a-ddb8a020be3c,6cfe2eb8-ea15-b8c9-053c-f6645e2d4e25,6fe6188f-9350-28be-5d24-b146f1eb300b,705ea43d-0c54-814c-3d61-64365f99d501,7406434c-c4d4-8f34-9895-5fb845cb9cb8,77451c9f-ea66-2d70-21ac-c2c97a049b79,77d1745b-a57f-d560-8642-eb1060dd6e1a,7a5ae780-d9a2-3236-6c5d-813fabdbca9a,7aebf51e-258a-b204-b1eb-5512df8e8ff9,7f95d7ef-2dae-67c7-090a-96c4873abb36,83ee5aa4-f96e-544d-8910-792b9e97f489,8672e7d3-3fcc-d38c-3e3c-4261bc59e44f,8717f492-0383-4421-1ff2-5375e6201edd,881e7bc9-1dd8-7c3b-9e58-0050948457d8,891551b7-70e2-2032-3ea0-3a3335b15901,8da7ce5a-e617-5f5d-0880-00fb96112b2c,9146d494-bdf6-9f1f-b23e-e66a53fb19a3,9197305e-476d-1858-10a4-9658a5333b19,966e0736-08a1-e03c-c4c3-b9d976dc992b,981035ba-8cf0-6c34-97ca-fbd61266e8bf,98ae5c8a-1fed-7d15-a922-9cc2bd9da9e0,9ecdcced-debc-78df-3ace-7bc5ebbcb084,a6d70b79-d53c-cd6e-f822-cc96c1164d68,a9f02f46-cc41-1b66-75cf-e79a401874c1,aa29f63b-7ab9-5376-c677-d7051cdc684c,b140038b-ab82-7d7f-4710-f235a96dc4a5,b71de359-9d19-b08d-ba92-85005358b1b9,bfc2274e-acb2-21af-16d5-6ae9fac1593e,c32d3e7d-8ee6-0a11-b056-cb501edbfc7e,cc1ce8ab-eee9-f8fe-177e-6c9721798373,cd1ae6f8-b8cf-4a62-48a2-ff2590e4e4df,cf163fcc-b07d-4b8c-09c2-bb67dfa35767,d0c52eca-78e4-1f60-d365-41337c2844a2,d3445962-7716-057f-935c-11a3fb4653a3,d6a9af72-ff29-37ab-6c53-142c3cd002ab,d8f620dc-223e-0b8a-1a9c-c23b46444bbd,d90147ba-040d-d805-9ac0-ea1e76ddf6f6,e0f25cee-1127-b60a-4e29-c275c1358aaa,e95e41d4-b20c-560b-85df-6c815f20bc49,f03ce18b-d3d9-2639-d0b6-ebca90128a68,f045e08d-53b9-5e26-ad38-107564d919bc,f20847af-4c00-639e-5484-d705bd7a3437,f9945bf5-e47a-a404-3f45-d6954e78ce2a,fe0534f2-aaad-2afb-f5ba-79f8c2cc98b2
00:00:00.000000,,,,,,,,,,,,,,,,,,,,,,,,,,,,,,,,,,,,,,,,,,,,,,,,,,,,,,,,,,,,,,,,,,,,,,,,,,,,,
00:00:00.020000,,,,,,,,,35.72315171433342,,,,,,,,,,,,,,,,,,,,,,,,,,,,,,,,,,,,,,,,,,,,,,,,,,,,,,,,,,,,,,,,,,,,
00:00:00.040000,,,,,,,138.9033112082605,,,,,,,,,,,,,,,,,,,,,,,,,,,,,,,,,,,,,,,,,,,,,,,,,,,,,,,,,,,,,,,,,,,,,,
00:00:00.060000,,,,,,,,,,,,,,,,,,,,,,,,,,,,,,,,,,,,,,,,,,,,,,,,,,,,,,,,,,,,,,,,,,,,,,,,,,,,,
00:00:00.080000,,,,,,,,,,,,,,,,,,,,,,,,,,,,,,,,,,,,,,,,,,,,,,,,,,,,,,,,,,,,,,,,,,,,,,,,,,,,,
00:00:00.100000,,,,,,,,,,,,,,,,,,,,,,,,,,,,,,,,,,,,,,,,,,,,,,,,,,,,,,,,,,,,,,,,,,,,,,,,,,,,,
00:00:00.120000,,,,,,,,,,,,,,,,,,,,,,,,,,,,,,,,,,,,,,,,,,,,,,,,,,,,,,,,,,,,,,,,,,,,,,,,,,,,,
00:00:00.140000,,,,,,,,,,,,,,,,,,,,,,,,,,,,,,,,,,,,,,,,,,,,,,,,,,,,,,,,,,,,,,,,,,,,,,,,,,,,,
00:00:00.160000,,,,,,,,,,,,,,,,,,,,,,,,,,,,,,,,,,,,,,,,,,,,,,,,,,,,,,,,,,,,,,,,,,,,,,,,,,,,,
00:00:00.180000,,,,,,,,,,,,,,,,,,,,,,,,,,,,,,,,,,,,,,,,,,,,,,,,,,,,,,,,,,,,,,,,,,,,,,,,,,,,,
00:00:00.200000,,,,,,,,,,,,,,,,,,,,,,,,,,,,,,,,,,,,,,,,,,,,,,,,,,,,,,,,,,,,,,,,,,,,,,,,,,,,,
00:00:00.220000,,,,,,,,,,,,,,,,,,,,,,,,,,,,,,,,,,,,,,,,,,,,,,,,,,,,,,,,,,,,,,,,,,,,,,,,,,,,,
00:00:00.240000,,,,,,,58.22699823032686,,,,,,,,,,,,,,,,,,,,,,,,,,,,,,,,,,,,,,,,,,,,,,,,,,,,,,,,,,,,,,,,,,,,,,
00:00:00.260000,,,,,,,,,40.29791816664392,,,,,,,,,,,,,,,,,,,,,,,,,,,,,,,,,,,,,,,,,,,,,,,,,,,,,,,,,,,,,,,,,,,,
00:00:00.280000,,,,,,,,,,,,,,,,,,,,,,,,,,,,,,,,,,,,,,,,,,,,,,,,,,,,,,,,,,,,,,,,,,,,,,,,,,,,,
00:00:00.300000,,,,,,,,,,,,,,,,,,,,,,,,,,,,,,,,,,,,,,,,,,,,,,,,,,,,,,,,,,,,,,,,,,,,,,,,,,,,,
00:00:00.320000,,,,,,,,,,,,,,,,,,,,,,,,,,,,,,,,,,,,,,,,,,,,,,,,,,,,,,,,,,,,,,,,,,,,,,,,,,,,,
00:00:00.340000,,,,,,,,,,,,,,,,,,,,,,,,,,,,,,,,,,,,,,,,,,,,,,,,,,,,,,,,,,,,,,,,,,,,,,,,,,,,,
00:00:00.360000,,,,,,,,,,,,,,,,,,,,,,,,,,,,,,,,,,,,,,,,,,,,,,,,,,,,,,,,,,,,,,,,,,,,,,,,,,,,,
00:00:00.380000,,,,,,,,,,,,,,,,,,,,,,,,,,,,,,,,,,,,,,,,,,,,,,,,,,,,,,,,,,,,,,,,,,,,,,,,,,,,,
00:00:00.400000,,,,,,,,,,,,,,,,,,,,,,,,,,,,,,,,,,,,,,,,,,,,,,,,,,,,,,,,,,,,,,,,,,,,,,,,,,,,,
00:00:00.420000,,,,,,,,,,,,,,,,,,,,,,,,,,,,,,,,,,,,,,,,,,,,,,,,,,,,,,,,,,,,,,,,,,,,,,,,,,,,,
00:00:00.440000,,,,,,,,,,,,,,,,,,,,,,,,,,,,,,,,,,,,,,,,,,,,,,,,,,,,,,,,,,,,,,,,,,,,,,,,,,,,,
00:00:00.460000,,,,,,,73.70587952945569,,,,,,,,,,,,,,,,,,,,,,,,,,,,,,,,,,,,,,,,,,,,,,,,,,,,,,,,,,,,,,,,,,,,,,
00:00:00.480000,,,,,,,,,42.99579748242289,,,,,,,,,,,,,,,,,,,,,,,,,,,,,,,,,,,,,,,,,,,,,,,,,,,,,,,,,,,,,,,,,,,,
00:00:00.500000,,,,,,,,,,,,,,,,,,,,,,,,,,,,,,,,,,,,,,,,,,,,,,,,,,,,,,,,,,,,,,,,,,,,,,,,,,,,,
00:00:00.520000,,,,,,,,,,,,,,,,,,,,,,,,,,,,,,,,,,,,,,,,,,,,,,,,,,,,,,,,,,,,,,,,,,,,24.35984241772339,,,,,,,,,
00:00:00.540000,,,,,,,,,,,,,,,,,,,,,,,,,,,,,,,,,,,,,,,,,,,,,,,,,,,,,,,,,,,,,,,,,,,,,,,,,,,,,
00:00:00.560000,,,,,,,,,,,,,,,,,,,,,,,,,,,,,,,,,,,,,,,,,,,,,,,,,,,,,,,,,,,,,,,,,,,,,,,,,,,,,
00:00:00.580000,,,,,,,,,,,,,,,,,,,,,,,,,,,,,,,,,,,,,,,,,,,,,,,,,,,,,,,,,,,,,,,,,,,,,,,,,,,,,
00:00:00.600000,,,,,,,,,,,,,,,,,,,,,,,,,,,,,,,,,,,,,,,,,,,,,,,,,,,,,,,,,,,,,,,,,,,,,,,,,,,,,
00:00:00.620000,,,,,,,,,,,,,,,,,,,,,,,,,,,,,,,,,,,,,,,,,,,,,,,,,,,,,,,,,,,,,,,,,,,,,,,,,,,,,
00:00:00.640000,,,,,,,,,,,,,,,,,,,,,,,,,,,,,,,,,,,,,,,,,,,,,,,,,,,,,,,,,,,,,,,,,,,,,,,,,,,,,
00:00:00.660000,,,,,,,,,,,,,,,,,,,,,,,,,,,,,,,,,,,,,,,,,,,,,,,,,,,,,,,,,,,,,,,,,,,,,,,,,,,,,
00:00:00.680000,,,,,,,,,,,,,,,,,,,,,,,,,,,,,,,,,,,,,,,,,,,,,,,,,,,,,,,,,,,,,,,,,,,,,,,,,,,,,
00:00:00.700000,,,,,,,142.3944941013273,,,,,,,,,,,,,,,,,,,,,,,,,,,,,,,,,,,,,,,,,,,,,,,,,,,,,,,,,,,,,,,,,,,,,,
00:00:00.720000,,,,,,,,,48.41172923932756,,,,,,,,,,,,,,,,,,,,,,,,,,,,,,,,,,,,,,,,,,,,,,,,,,,,,,,,,,,,,,,,,,,,
00:00:00.740000,,,,,,,,,,,,,,,,,,,,,,,,,,,,,,,,,,,,,,,,,,,,,,,,,,,,,,,,,,,,,,,,,,,,,,,,,,,,,
00:00:00.760000,,,,,,,,,,,,,,,,,,,,,,,,,,,,,,,,,,,,,,,,,,,,,,,,,,,,,,,,,,,,,,,,,,,,,,,,,,,,,
00:00:00.780000,,,,,,,,,,,,,,,,,,,,,,,,,,,,,,,,,,,,,,,,,,,,,,,,,,,,,,,,,,,,,,,,,,,,,,,,,,,,,
00:00:00.800000,,,,,,,,,,,,,,,,,,,,,,,,,,,,,,,,,,,,,,,,,,,,,,,,,,,,,,,,,,,,,,,,,,,,,,,,,,,,,
00:00:00.820000,,,,,,,,,,,,,,,,,,,,,,,,,,,,,,,,,,,,,,,,,,,,,,,,,,,,,,,,,,,,,,,,,,,,,,,,,,,,,
00:00:00.840000,,,,,,,,,,,,,,,,,,,,,,,,,,,,,,,,,,,,,,,,,,,,,,,,,,,,,,,,,,,,,,,,,,,,,,,,,,,,,
00:00:00.860000,,,,,,,,,,,,,,,,,,,,,,,,,,,,,,,,,,,,,,,,,,,,,,,,,,,,,,,,,,,,,,,,,,,,,,,,,,,,,
00:00:00.880000,,,,,,,,,,,,,,,,,,,,,,,,,,,,,,,,,,,,,,,,,,,,,,,,,,,,,,,,,,,,,,,,,,,,,,,,,,,,,
00:00:00.900000,,,,,,,,,,,,,,,,,,,,,,,,,,,,,,,,,,,,,,,,,,,,,,,,,,,,,,,,,,,,,,,,,,,,,,,,,,,,,
00:00:00.920000,,,,,,,,,,,,,,,,,,,,,,,,,,,,,,,,,,,,,,,,,,,,,,,,,,,,,,,,,,,,,,,,,,,,,,,,,,,,,
00:00:00.940000,,,,,,,,,34.32996164901093,,,,,,,,,,,,,,,,,,,,,,,,,,,,,,,,,,,,,,,,,,,,,,,,,,,,,,,,,,,,,,,,,,,,
00:00:00.960000,,,,,,,,,,,,,,,,,,,,,,,,,,,,,,,,,,,,,,,,,,,,,,,,,,,,,,,,,,,,,,,,,,,,,,,,,,,,,
00:00:00.980000,,,,,,,,,,,,,,,,,,,,,,,,,,,,,,,,,,,,,,,,,,,,,,,,,,,,,,,,,,,,,,,,,,,,,,,,,,,,,
00:00:01.000000,,,,,,,,,,,,,,,,,,,,,,,,,,,,,,,,,,,,,,,,,,,,,,,,,,,,,,,,,,,,,,,,,,,,,,,,,,,,,
00:00:01.020000,,,,,,,,,,,,,,,,,,,,,,,,,,,,,,,,,,,,,,,,,,,,,,,,,,,,,,,,,,,,,,,,,,,,,,,,,,,,,
00:00:01.040000,,,,,,,,,,,,,,,,,,,,,,,,,,,,,,,,,,,,,,,,,,,,,,,,,,,,,,,,,,,,,,,,,,,,,,,,,,,,,
00:00:01.060000,,,,,,,,,,,,,,,,,,,,,,,,,,,,,,,,,,,,,,,,,,,,,,,,,,,,,,,,,,,,,,,,,,,,,,,,,,,,,
00:00:01.080000,,,,,,,,,,,,,,,,,,,,,,,,,,,,,,,,,,,,,,,,,,,,,,,,,,,,,,,,,,,,,,,,,,,,,,,,,,,,,
00:00:01.100000,,,,,,,108.42520432834426,,,,,,,,,,,,,,,,,,,,,,,,,,,,,,,,,,,,,,,,,,,,,,,,,,,,,,,,,,,,,,,,,,,,,,
00:00:01.120000,,,,,,,,,,,,,,,,,,,,,,,,,,,,,,,,,,,,,,,,,,,,,,,,,,,,,,,,,,,,,,,,,,,,,,,,,,,,,
00:00:01.140000,,,,,,,,,29.0200479965062,,,,,,,,,,,,,,,,,,,,,,,,,,,,,,,,,,,,,,,,,,,,,,,,,,,,,,,,,,,,,,,,,,,,
00:00:01.160000,,,,,,,,,,,,,,,,,,,,,,,,,,,,,,,,,,,,,,,,,,,,,,,,,,,,,,,,,,,,,,,,,,,,,,,,,,,,,
00:00:01.180000,,,,,,,,,,,,,,,,,,,,,,,,,,,,,,,,,,,,,,,,,,,,,,,,,,,,,,,,,,,,,,,,,,,,,,,,,,,,,
00:00:01.200000,,,,,,,,,,,,,,,,,,,,,,,,,,,,,,,,,,,,,,,,,,,,,,,,,,,,,,,,,,,,,,,,,,,,,,,,,,,,,
00:00:01.220000,,,,,,,,,,,,,,,,,,,,,,,,,,,,,,,,,,,,,,,,,,,,,,,,,,,,,,,,,,,,,,,,,,,,,,,,,,,,,
00:00:01.240000,,,,,,,,,,,,,,,,,,,,,,,,,,,,,,,,,,,,,,,,,,,,,,,,,,,,,,,,,,,,,,,,,,,,,,,,,,,,,
00:00:01.260000,,,,,,,,,,,,,,,,,,,,,,,,,,,,,,,,,,,,,,,,,,,,,,,,,,,,,,,,,,,,,,,,,,,,,,,,,,,,,
00:00:01.280000,,,,,,,,,,,,,,,,,,,,,,,,,,,,,,,,,,,,,,,,,,,,,,,,,,,,,,,,,,,,,,,,,,,,49.41909866905201,,,,,,,,,
00:00:01.300000,,,,,,,,,,,,,,,,,,,,,,,,,,,,,,,,,,,,,,,,,,,,,,,,,,,,,,,,,,,,,,,,,,,,,,,,,,,,,
00:00:01.320000,,,,,,,,,,,,,,,,,,,,,,,,,,,,,,,,,,,,,,,,,,,,,,,,,,,,,,,,,,,,,,,,,,,,,,,,,,,,,
00:00:01.340000,,,,,,,,,32.22464172680031,,,,,,,,,,,,,,,,,,,,,,,,,,,,,,,,,,,,,,,,,,,,,,,,,,,,,,,,,,,,,,,,,,,,
00:00:01.360000,,,,,,,,,,,,,,,,,,,,,,,,,,,,,,,,,,,,,,,,,,,,,,,,,,,,,,,,,,,,,,,,,,,,,,,,,,,,,
00:00:01.380000,,,,,,,,,,,,,,,,,,,,,,,,,,,,,,,,,,,,,,,,,,,,,,,,,,,,,,,,,,,,,,,,,,,,,,,,,,,,,
00:00:01.400000,,,,,,,,,,,,,,,,,,,,,,,,,,,,,,,,,,,,,,,,,,,,,,,,,,,,,,,,,,,,,,,,,,,,,,,,,,,,,
00:00:01.420000,,,,,,,,,,,,,,,,,,,,,,,,,,,86.26991016167372,,,,,,,,,,,,,,,,,,,,,,,,,,,,,,,,,,,,,,,,,,,,,,,,,,
00:00:01.440000,,,,,,,,,,,,,,,,,,,,,,,,,,,,,,,,,,,,,,,,,,,,,,,,,,,,,,,,,,,,,,,,,,,,,,,,,,,,,
00:00:01.460000,,,,,,,,,,,,,,,,,,,,,,,,,,,,,,,,,,,,,,,,,,,,,,,,,,,,,,,,,,,,,,,,,,,,,,,,,,,,,
00:00:01.480000,,,,,,,,,,,,,,,,,,,,,,,,,,,,,,,,,,,,,,,,,,,,,,,,,,,,,,,,,,,,,,,,,,,,,,,,,,,,,
00:00:01.500000,,,,,,,,,,,,,,,,,,,,,,,,,,,,,,,,,,,,,,,,,,,,,,,,,,,,,,,,,,,,,,,,,,,,,,,,,,,,,
00:00:01.520000,,,,,,,,,,,,,,,,,,,,,,,,,,,,,,,,,,,,,,,,,,,,,,,,,,,,,,,,,,,,,,,,,,,,,,,,,,,,,
00:00:01.540000,,,,,,,,,,,,,,,,,,,,,,,,,,,,,,,,,,,,,,,,,,,,,,,,,,,,,,,,,,,,,,,,,,,,,,,,,,,,,
00:00:01.560000,,,,,,,,,,,,,,,,,,,,,,,,,,,,,,,,,,,,,,,,,,,,,,,,,,,,,,,,,,,,,,,,,,,,,,,,,,,,,
00:00:01.580000,,,,,,,,,,,,,,,,,,,,,,,,,,,,,,,,,,,,,,,,,,,,,,,,,,,,,,,,,,,,,,,,,,,,,,,,,,,,,
00:00:01.600000,,,,,,,,,,,,,,,,,,,,14.287065727276481,,,,,,,,,,,,,,,,,,,,,,,,,,,,,,,,,,,,,,,,,,,,,,,,,,,,,,,,,
00:00:01.620000,,,,,,,,,,,,,,,,,,,,,,,,,,,,,,,,,,,,,,,,,,,,,,,,,,,,,,,,,,,,,,,,,,,,,,,,,24.829815302327862,,,,
00:00:01.640000,,,,,,,,,,,,,,,,,,,,,,,,,,,,,,,,,,,,,,,,,,,,,,,,,,,,,,,,,,,,,,,,,,,,,,,,,,,,,
00:00:01.660000,,,,,,,,,,,,,,,,,,,,,,,,,,,,,,,,,,,,,,,,,,,,,,,,,,,,,,,,,,,,,,,,,,,,,,,,,,,,,
00:00:01.680000,,,,,,,,,,,,,,,,,,,,,,,,,,,,,,,,,,,,,,,,,,,,,,,,,,,,,,,,,,,,,,,,,,,,,,,,,,,,,
00:00:01.700000,,,,,,,,,,,,,,,,,,,,,,,,,,,,,,,,,,,,,,,,,,,,,,,,,,,,,,,,,,,,,,,,,,,,,,,,,,,,,
00:00:01.720000,,,,,,,,,,,,,,,,,,,,,,,,,,,,,,,,,,,,,,,,,,,,,,,,,,,,,,,,,,,,,,,,,,,,,,,,,,,,,
00:00:01.740000,,,,,,,,,52.373617476853724,,,,,,,,,,,,,,,,,,42.71804999686571,,,,,,,,,,,,,,,,,,,,,,,,,,,,,,,34.351635273623344,,,,,,,,,,,,,,,,,,,
00:00:01.760000,,,,,,,,,,,,,,,,,,,,,,,,,,,,,,,,,,,,,,,,,,,,,,,,,,,,,,,,,,,,,,,,,,,,,,,,,,,,,
00:00:01.780000,,,,,,,,,,,,,,,,,,,,,,,,,,,,,,,,,,,,,,,,,,,,,,,,,,,,,,,,,,,,,,,,,,,,,,,,,,,,,
00:00:01.800000,,,,,,,,,,,,,,,,,,,,,,,,,,,,,,,,,,,,,,,,,,,,,,,,,,,,,,,,,,,,,,,,,,,,,,,,,,,,,
00:00:01.820000,,,,,,,,,,,,,,,,,,,,,,,,,,,,,,,,,,,,,,,,,,,,,,,,,,,,,,,,,,,,,,,,,,,,,,,,,,,,,
00:00:01.840000,,,,,,,,,,,,,,,,,,,,,,,,,,,,,,,,,,,,,,,,,,,,,,,,,,,,,,,,,,,,,,,,,,18.560079524415027,,,,,,,,,,,
00:00:01.860000,,,,,,,,,,,,,,,,,,,,,,,,,,,,,,,,,,,,,,,,,,,,,,,,,,,,,,,,,,,,,,,,,,,52.128073225476726,,,,,,,,,,
00:00:01.880000,,,,,,,,,,,,,,,,,,,,,,,,,,,,,,,,,,,,,,,,,,,,,,,,,,,,,,,,,,,,,,,,,,,,,,,,,26.626527395229306,,,,
00:00:01.900000,,,,,,,,,,,,,,,,,,,,,,,,,,,,,,,,,,,,,,,,,,,,,,,,,,,,,,,,,,,,,,,,,,,,,,,,,,,,,
00:00:01.920000,,,,,,,,,,,,,,,,,,,,,,,,,,,,,,,,,,,,,,,,,42.37397232926839,,,,,,,,,,,,,,,,,,,,,,,,,,,,,,,,,,,,
00:00:01.940000,,,,,,,,,,,,,,,,,,,,,,,,,,,,,,,,,,,,,41.7293554340325,,,,,,,,,,,,,,,,,,,,,,,,,,,,,,,,,,,,,,,,
00:00:01.960000,,,,,,,,,,,,,,,,,,,,,,,,,,,,,,,,,,,,,,,,,,,,,,,,,,,,,,,,,,,,,,,,,,,,,,,,,,,,,
00:00:01.980000,,,,,,,,,,,,,,,,,,,,,,,,,,,,,48.77453812085757,,,,,,,,,,,,,,,,,,,,,,,,,,,,,,,,,,,,,,,,,,,,,,,,
00:00:02.000000,,,,,,,,,,,,,,,,,,,,,,,,,,,,,,,,,,,,,,,,,,,,,,,,,,,,,54.865946755531795,,,,,,,,,,,,,,,,,,,,,,,,
00:00:02.020000,,,,,,,,,43.02629546466747,,,,,,,,,,,,,,,,,,,,,,,,,,,,,,,,,,,,,,,,,,,,,,,,,35.005934782319514,,,,,,,,,,,,,,,,,,,
00:00:02.040000,,,,,,,63.30092537627201,,,,,,,,,,,,,,,,,,,,,,,,,,,,,,,,,,,,,,,,,,,,,,,,,,,,,,,,,,,,,,,,,,,,,,
00:00:02.060000,,,,,,,,,,,,,,,,,,,,,,,,,,,,,,,,,,,,,,,,,,,,,,,,,,,,,,,,,,,,,,,,,,22.08400415541676,,,,,,,,,,,
00:00:02.080000,,,,,,,,,,,,,,,,,,,,17.702008285716182,,,,,,,,,,,,,,,,,,,,,,,47.15290065457175,,,,,,,,,,,,,,,,,,,,,,,,,,,,,,,,,,
00:00:02.100000,,,31.500092169477586,,,,,,,,,,,,,,,,,,,,,,,,,,,,,,,,,,,,,,,,,,,,,,,,,,,,,,,,,,,,,,,,,,,,,,,,,,
00:00:02.120000,,,,,,,,,,,,,,,,,,,,,,,,,,,48.45308888563572,,,,,,,,,,,,,,,,,,,,,,,,,,,,,,,,,,,,,,,,,,,,,,,,,,
00:00:02.140000,,,,,,,,,,,,,,,,,,,,,,,,,,,,,,,,,,,,,,,,,,,,,,,,,,,,,,,,,,,,42.10035104385456,,,,,,,,,,,,,,,,,
00:00:02.160000,,,,,,,,,,,,,,,,,,,,,,,,,,,,,,,,,,,,,,,,,,,,,,,,,,,,,,,,,,,,,,,,,,,,,,,,,,,,,
00:00:02.180000,,,,,,,,,,,,,,,,,,,,,,,,,,,,,,,,,,,,,,,,,,,,,,,,,,,,,,,,,20.75391320455772,,,,,,,,,,,,,,16.11303289845366,,,,,,
00:00:02.200000,,,,,,,,,,,,,,,,,,,,,,,,,,,,,,,,,,,,,,,,,,,,,,,,,,21.619400952822403,,,56.71721585604225,,,,,,,,,,,,,,,,,,,,,,,,
00:00:02.220000,,,,,,,,,,,,,,,,,,,,,,,,,,,,,,,,,,,,,,,,,,,,,,,,,,,,,,,,,,,,,,,,,,,58.13996107256605,,,,,,,,,,
00:00:02.240000,,,,,,,,,,,,,,,,,,,,,,,,,,,,,,,,,,,,,,,,,,,,,,,,,,,,,,,,,,,,,,,,,,,,,,,,,,,,,
00:00:02.260000,,,,,,,,,,,,,,,,,,,,,,,,,,,,,,,,,,,,,,,,,49.27526482069581,,,,,,,,,,,,,,,,,,,,,,,,,26.76236191399269,,,,,,,,14.503381650413553,,,
00:00:02.280000,,,,,,,,,,,,,,,,,,39.10073904172477,,,,,,,,,,,,,,,,,,,,,,,,57.68148036279202,,,,,,,,,,,,,,,,,,,,,,,,,,,,,,,,,,,
00:00:02.300000,,,,,,,,,,,,,,,,,,,,,,,,,,,,,,,,,,,,,,,,,,,,,,,,,,,,,,,,,,,,,,,,,,,,,,,,,,,,,
00:00:02.320000,,,,,,,,,,,,,,,,,,,,,,,,,,,,,,,,,,,,,,,,,,,,,,,,,,,,,,,,,,49.120279462371045,,,,,,,,,,,,,,,,,,,
00:00:02.340000,,,,,,,,,,,,,,,,,,,,,,,,,,,,,,,,,,,,,35.02524290338838,,,,,,76.73728651371545,,,,,,,,,,,,,,,,,,,,,,,,,,,,,14.203912796728506,,,,,
00:00:02.360000,,,,,,,,,,,,,,,,,,,,,,,,,,,,,,,,,,,,,,,,,,,,,,,,,,,,,,,,,,,,,,,,,,,,,26.563419484082733,,,,,,16.34112467297666,,
00:00:02.380000,,,,,,,,,,,,,,,,,,,,,,,,,,,,,21.87525836516941,,,,,,,,,,,,,,,,,,,,,,,,,,,,,,,,,,,,,,,,,,21.529784485500365,,,,,,
00:00:02.400000,,,,,,,,,,,,,,,,,,,,,,,,,,,,,,,,,,,,,,,,,,,,,,,,,,,,,,,38.56716330518691,,30.43608661489493,,,35.17836677031721,,,,20.57791447301248,,,,,,,,,,,,,
00:00:02.420000,,,,,,,,,,,,,,,,,,,,,,,,,,,,,,,,,,,,,,,,,,,,,,,,,,,,,,,,,,,,,,,,,,,,,,,,,27.09920960519836,,,,
00:00:02.440000,,,25.481741263303057,,,,,,36.41313163755823,,,,,,,,,,,,,,,,,,,,,,,,,,,,,,,,,,,,,,,,,,,,56.9793105336024,,,,,,,,,,,,,,,,,,,,,,,,
00:00:02.460000,,,,,,,,,,,,,,,,,,,,,,,,,,,55.42283497412746,,,,,,,,,,,,,,,,,,,,,,,,,,,,,,,,,,,,,,,,,,,,,,,,,,
00:00:02.480000,,,,,,,,,,,,,,,,,,,,,,,,,,,,,,,,,,,,,,,,,,,,,,,,,,,,,,,,,,,,,,,,,,,,,,,,,,,,,
00:00:02.500000,,,,,,,,,,,,,31.264433807297593,,,,,,,17.978766779357112,,,,,,,,,,,,,,,,,,,,,,,,,,,,,,,,,,,,,,,,,,,,,,,,,,,,,,,,,
00:00:02.520000,,,,,,,,,,,,,,,,,,,,,,,,,,,,,,,,,,,,,,,,,,,,,,,,,,28.359526898546033,,,,,,,,,,,,,,,,,,,,,,,,,,,
00:00:02.540000,,,,,,,,,,,,,,,,,,,,,,,,,,,,,,,,,,,,,,,,,,,,,,,,,,,,,,,,,,,,,,,,,,,,,,,,,,,,,
00:00:02.560000,,,,,,,,,,,,,,,76.0243900665258,,,,,,,,,29.70023225120626,,,,,,,,,,,,,,,32.895064898848965,,,,,,,67.3772275551854,,,,,,,,,,,,,,,,,,,,,45.880482947959024,,,,,,,,,,
00:00:02.580000,,,,,,,,,,,,,,,,,,26.59161602537688,,,,,,,,,,,,25.219398760597,,,,,,,,,,,50.27407616369168,,,,,,,,,,,,,,,,,,,,,,,,,,,,,,,,,,,,
00:00:02.600000,,,,,,,,,,,,,,,,,,,,,,,,,,,,,,,,,,,,,,,,,,,,,,,,,,,,,,,,,,,,,,,,,,,,,,,,,,,,,
00:00:02.620000,,,,,,,,,,,,,,,,,,,,,,,,,,,,,,,,,,,,,,,,,,46.498776737013905,,,,,,,,,,,,,,,,39.81523062929391,,,,,,22.305750292892494,,,,,33.53946538417076,,,,,46.556208273120525,,,
00:00:02.640000,,,,,,,,,,,,,,,,,,,,,,,,,,,,,,,,,22.71946893132948,,,,,,,,,,73.14310439357348,,,,29.489735737965713,,,,,,,,,,,,,,,,,,,,,,,,,,,,,,
00:00:02.660000,,,,,,,,,,,,,,,,,,,,,18.084765506804487,,,,,,,,,,,,,,,,,,,,,,,,,,,,,,19.5762704400248,,,,,,,,,,,,,,,32.385101577582695,,,,,,,,,,,
00:00:02.680000,,,,,,,,,,,,,,,,,,,,,,,,,,,,,,,,,,,,,,,,,,,,,,,,,,,,,52.50280223374107,,,,,,,,,,,,,,,,,,26.114903763199806,30.155500823780084,,,14.632732195386872,,
00:00:02.700000,,,24.179596534006357,,,,,,,,,,,,,,,,,,,,,,,,,,,,,,,,,,,,,,,,,,,,,,,,,,,,,,,,,83.00365144707752,,,,,,,,,,,,,24.29057579398005,,,,
00:00:02.720000,,,,,,,,,,24.608284152796678,,,,,,,,,,,,,,,,,,,,,,,,,,,32.756872791260534,44.84690672717001,,,,,,,,,,,,,,,,,,,33.69363964447021,,,,,,,,,,,,,,,,,,,,
00:00:02.740000,,,,,,,,,32.86396917021177,,,,21.32046127129204,,,,,,,,,,,,,,,31.025389126609177,,,,,,,,,,,,,,,,,,,,,,,,,,,,,,,,,,,,,,,,,,,,,,,,,
00:00:02.760000,,,,,,,,,,,,,,,,,,,,,,,,,,,,,,,,,,,,,,,,,,,,,,,,,,,,,,,,,,,,,,,,,,,,,,,,,,,,,
00:00:02.780000,,,,,,,,,,,,,,,,,,,,,,,,36.29503843459978,,,57.23813454428585,,,,,,,,,,,,,,,,,,,,,,,,,,,,49.625351442883776,,,,,,,,,,,,,,,,,,,,,,
00:00:02.800000,,,,,,,,,,,,,,,,,,,,,,,,,,,,,,,,,,,,57.344990620854595,,,,,,,,,,,,,,,,,,,,,,,,,,,,,,,,,,,,,,,,,
00:00:02.820000,,,,,,,,,,,,,,,,,,,,,,,,,,,,,,,,,,,,,,,,,,,,,,,,,,,,,,,,,,,,,,,,,,,,,,,,,,,,,
00:00:02.840000,,,,,,,,,,,,,,,,,,,,,,,,,,,,,,,,,,,,,,,,,,,,,,,,,,,,,,,,,,,,,,,,,,,,,,,,,,21.27563949463576,,,
00:00:02.860000,,,,,,,,,,,,,,,90.59347253944435,,,34.991040732185226,,,,,,,,,,,,,,,,,,,,,,,,,,,,,,,,20.956160044191503,,,,,,,,,,,,,,,,,,,,,,,,,,,
00:00:02.880000,57.66117619786375,,,,,,64.20959762446735,,,,,,,,,,,,,,,,,,,,,,25.77639489758976,,,,,,,,,,,,,,,,,,,,,,,,,,,,,32.241960976654,,,,,,,,29.966151837735985,,,,,,,,,,,
00:00:02.900000,,,,,,,,,,,,,,,,,,,,,,,,,,,,,,23.59410220716404,,,29.46642097925707,,,,,,,,54.95373483158861,,,,,,,,,,,,,,,,,,,,,,,,,,45.50636154207223,,,,,,,,,,
00:00:02.920000,,,,,,,,,,,,,,,,,,,,,,,,,,,,,,,,,,,,,,,32.19470533580657,,,,,,,,,,,,,,,,,,,,,,,,,,,,,,34.257965952979944,,,,,,,,
00:00:02.940000,,,,,,,,,,,,,,,,,,,,,,,,,,,,,,,,,,,,,,,,,,,66.564537739299,,,73.78935912941802,,,,,,,44.61864325217806,,,,,,,,,,,,,,,,,,,,,,,,
00:00:02.960000,,,,,,,,,,,,,,,,,,,,,,,,,,,,,,,,,,,,,,,,,,,,,,,35.543671639178456,,,,,,,,,,,,,,,,,,,,,,,,,,,,,,
00:00:02.980000,,,,,,,,,,,,,,,,,,,,20.05779638116908,,,,,,,,,,,,38.92059474753353,,,,,32.069926152057576,,,,,,,,,,,,,,,,,,,,,,,61.95164999525646,,,,,,,,,,,,,29.777841362051248,,17.28733134774415,,
00:00:03.000000,,,,,,,,,,,,,44.783854003104636,,,,,,,,19.0292834846326,,,,,,,56.51965323892679,,,,,,,,,,,,,,43.61429577155612,,,,,,,26.410778747466946,,28.422258927464746,,,,,,,,,,,,,,,,,,,,,,,,,,
00:00:03.020000,,,,,,,,,,,,,,,,,,,,,,,,,,,,,,,,,,,,,,52.44160796342664,,,,,,,,,,,,,,,,,,,26.589714448479466,,,,,,,,,,,,,,49.36632821812701,34.138655110120894,,,,,
00:00:03.040000,,,,,,,,,,,,,,,,,,,,,,,,,,,,,,,,,,,,,,,,,,,,,,,,,,,,,,,,,,,,,,,,,,,,,,,,,,,,,
00:00:03.060000,,,,,,,,,,,,,,,,,,,,,,,,,,,,,,,,,,,,,,,,,,,,,,,,,,,,,,,,,,,,,,,,,,,,,,,,,,,,,
00:00:03.080000,,,,,,,,,,,,,,,,,,,,,,,,,,,,,,,,,,,,,,,,,,,,,,,,,,,,,,,,,,,,,,,,,,,,,,,,,,,,,
00:00:03.100000,,,,,,,,,,,,,,,,,,,,,,,,,,,,,,,,,23.720711762432256,,,,,,,,,,,,,,,,,,,,,,,,,,,,,,,26.24765855896465,,25.461849587328004,,34.613935328737995,,,,,,,,,
00:00:03.120000,,,,,,,,,,,,,,,,,,26.177282846555556,,,,,,,,,,,,,,,,,,49.70363453361159,,,,,,,,,,,,,,,,,,,,,,,,,,,,,,,,,,,,,,27.75905565487973,,,
00:00:03.140000,,,,,,,,,,,,,,,,,,,,,,,,,,,,,,,,,,,,,,,45.116476932808546,,,,,,,,,,,,,,,,,,,,,,,,,,,,,,24.247961654683234,,,,,,,,
00:00:03.160000,,,,,,,,,33.31954199967746,,,,,,64.79466359796668,,,,,,,,,40.75492947361553,,,61.58437062516003,,,,,,,,,,,,,,,,,,,,,,,34.00760981049865,,,,,,,,38.47818986908845,,,,,,,,,,,,,,,,,,,
00:00:03.180000,,,,,,,75.48916986479433,,,,,,,,,,,,,,,,,,,,,,,,,,,,,,,,,,,,,,,,,,,,,,,,,,,,,,22.04570251055518,,,,,,,,,,,,,,,,
00:00:03.200000,,,,,,,,,,,,,,,,,,,,,,,,,,,,,29.996199834271554,,,,,,,,,,,,64.78988400416274,,,,,,,,,,,,41.454479520945746,,,,,,,,,,,,,,,,,,,,,,,,
00:00:03.220000,,,,,,,,,,39.01986471451338,,,,,,,,,,,,,,,,,,,,,,,,,,,34.401670783049305,,,,,,,,,,,,,,,,,,,,,,,,,,,,,,,,,,,,,,,,
00:00:03.240000,,,,,,,,,,,,,,,,,,,,,,,,,,,,,,26.319984455341512,,,,,,,,,,,,,,,,,,,,,,,,,53.45578873618721,,,,,,,,,,,,35.76580233826501,,,,,,,,,,
00:00:03.260000,,,,,,,,,,,,,,,,,,,,,,,,,,,,,,,,,,,,,,,,,,51.50111219147277,,,,,,,,,,,,,,,30.88055197203725,,,,,,,,,,,,,,,,,,,,
00:00:03.280000,75.81343361304357,,,,,,,,,,,,32.780168000917755,,,,,,,,,,,,,,,,,,,,,,,,,,,,,,,,,,33.062671809809736,,,,,,,,,,,,,65.39491224790288,,,,,,,,,,,,,31.86282205242773,,,,
00:00:03.300000,,,,,,,,,,,,,,,,,,,,,,,,,,,,,,,,,25.113001501867256,,,,,,,,,,,,,54.834474425451575,,,,,27.22371016663525,,,,,,,,,,,,,32.08530693733443,,,,,,,19.319501707364346,,,,,,
00:00:03.320000,,,,,,,,,,,,,,,,,,,,,27.678902567523203,,,,,,,,,,,,,,,,,,,58.661006530690706,,,39.96669878967498,,,,,,,,,,,,,,,,,,,,,,,18.490497691034072,,,,,,35.53482280320428,,,,,
00:00:03.340000,,,,,,,,,,,,,,,,,,,,,,,,,,,,36.432653403556145,,,,,,,,,,57.61209864151347,,,,,,,,,,,,,,,,,,,,,,,,,,,,,,,,,,,,,24.149840523607867,,
00:00:03.360000,,,,,,,,,,,,,,,,,,31.99411246323988,,,,,,,,,,,,,,,,,,,,,,,,,,,,,,,,,,,,,,,,,,,,,,,,,,37.26925561565605,,,,,,27.53708602029098,,,
00:00:03.380000,,,,,,,,,,,,,,,,,,,,,,,,26.396330678127764,,,,,,,,,,,,,,,,,,,,,,,,,,,,,,,,,,,,,,,,,,,,,,,,,,,,,
00:00:03.400000,,,,,,,,,40.81730894502879,,,,,,,,,,,20.9258209618881,,,,,,,,,,,,,,,,,,,,,,,,,,,,,,,,,,,,,,,,,19.57385965912934,,,,,,,,,,,,,,,,
00:00:03.420000,,,,,,,,,,,,,,,,,,,,,,,,,,,,,,,,,,,,,,,62.29465788434702,,,,,,,,,,,,,,,,,,,,,,,,,,,,,,,,,,,,,,
00:00:03.440000,,,,,,,,,,,,,,,57.779458003156606,,,,,,,,,,,,,,,,,,,,,46.26165016958455,,,,,,,,,,,,,,,,,45.24553669682848,,,,,,,,,,,,,,,,,,,,,,,,
00:00:03.460000,,,,,,,,,,,,,,,,,,,,,,,,,,,,,,,,,,,,,,,,,50.624867913673256,,,,,,,,,,,,,,,,,35.276979506830244,,,,,,,,,,,29.065246805833148,,,,,,,,
00:00:03.480000,,,,,,,102.99212929293013,,,,,,,,,,,,,,,,,,,,,,,,,53.08111777736593,,,,,,,,,,,,,,,,,,30.18896046328413,,,,,,,,,,,,,,,,,,,,,,,,,,,
00:00:03.500000,,,,,,,,,,,,,,,,,,,,,,,,,,,45.4472668055828,,,,,,,,,,,,,,,,,,,,,,,,,,,,,,,,,,,,,,,,,,,,,,,,,,
00:00:03.520000,,,,,,,,,,,,,,,,,,,,,,,,,,,,,,,,,,,,,,,,,,,,,,,,,,,,,,,,,,,,,,,,36.727755727456774,,25.683599655541553,,,,,,,,,,,
00:00:03.540000,,47.63541638773548,,,,,,,,,,,,,,,,,,,,,,,,,,,,23.65757930977413,,,24.11873537910786,,,,,,,63.642712432634134,,,,,,,,,25.866318569446076,,,,,,,,,,,,,,,,,,,,,,,,,,,,
00:00:03.560000,,,,,,,,,,,,,,,,,,,,,,,,,,,,,,,,,,,,,,,,,,,,,,,,,,,,,,,,,,,,,,,,,,,,,,,,,,28.70492993262289,,,
00:00:03.580000,,,,,,,,,,,,,,,,,,,,,,,,,,,,34.00518823811976,,,,,,,,,,,,,,,,,,,,,,,,,,,,,,,,47.74308415716188,,,,,,,,,,,,,32.45012425736074,,,,
00:00:03.600000,,,,,,,,,,,,,,,,,,,,,,,,,,,,,,,,,,,,,,,,,,54.69581467019639,,,,,,,,,,,,,,,,,,,,,,,,,41.61000717254094,,,,,,,,,,
00:00:03.620000,,,,,,,,,,,,,28.506251373412013,,,,,,,,,,,,,,,,38.42742189221685,,,,,,,,,,,,,,,,,,,,,,,,,,,,31.868872053236842,,,,,,,,,,,,,,,,,,,,
00:00:03.640000,,,,,,,,,,,,,,,,,,32.4714642303243,,,,,,,,,,,,,,,,,,,,,,,,,50.47120997345994,,,,38.45215143755705,,,,28.968782198693336,,,,48.97341604549109,,,,,,27.550691097381268,,,,,,,,,,,,,,29.61788190553501,,
00:00:03.660000,67.34491770288514,,,,,,,,,,,,,,,,,,,,25.78569672303641,,,,,,,,,,,,,,,,,66.64131548406479,,,,,,,,,,,,,,,53.02810175297042,,,,,,,,,,,,,,,35.656139752614045,,,,45.466351533662774,,,,,
00:00:03.680000,,,,,,,,,,,,,,,,,,,,,,,,,,,,,,,,,,,,,,,,,,,,,,70.92273509178902,,,,,,,,,,,,,,,,,,,,,,,,,,,,,,,
00:00:03.700000,,,,,,,,,,,,,,,,,,,,,,,,,,,,,,,,,,,,,,,,,,,,,,,,,,,,,,,,,,,,,,,,,,,,,23.70803009118933,,,,,,,,
00:00:03.720000,,,,,,,,,,,,,,,,,,,,,,,,,,,,,,,,,,,,,,,,,,,,,,,,,,,,,,,,,,,,,,,,,,,,,,,,,,,,,
00:00:03.740000,,,,,,,,,30.205530037576732,,,,,,52.41479471583957,,,,,,,,,,,,,,,,,,,,,,,,65.26416705996657,48.32534838032542,,,,,,,,,,,,,,,,,,,,,,,,30.84640973717054,,28.557575616284925,,,,,,,,,,,
00:00:03.760000,,,,,,,,,,,,,,,,,,,,,,,,,,,,,,,,,22.63112814494467,,,54.591019664007355,,,,,,,,,,,,,,,,,,,,,,46.74352898084144,,,,,,,,,,,,,,,,,,,
00:00:03.780000,,,,,,,,,,36.92139611681261,,,,,,,,,,,,,,,,,,,,,,,,,,,,,,,,,,,,,,,,,,,,,,,,,,,,,,,,,,,,,,,,,,,
00:00:03.800000,,,,,,,,,,,,,,,,,,,,,,,,,,,,105.43493785211174,,,,,,,,,,,,,,,,,,,,,,29.87952060531855,,,,,,,,,,,,,,,,,,,,,,,,,,,
00:00:03.820000,,,,,,,,,,,,,,,,,,,,,,,,,,,,,,,,,,,,,,,,,,,,,,,,,,,,,,,,,,,,,,,,,,,,,,,,,,,,,
00:00:03.840000,,,,,,,,,,,,,,,,,,,,,,,,,,72.68842563909713,,,,,,,,,,,,,,,,,,,,,,,,,,,,,,,,,,49.271805625393476,,,,,,,,,,,,,,,,,
00:00:03.860000,,,,,,,,,,,,,,,,,,34.701344125891126,,,,,,,,,61.54940265454866,,,24.80403925715265,,,,,,,,,,,,,,,,,,,,,,,,,,,36.37763425064742,,,,,,,,,,,,,,,,,30.276235794091658,,,
00:00:03.880000,,,,,,,,,,,,,,,,,,,,20.094638548958518,,,,,,,,,22.54907527288287,,,,,,,,,,,,,,41.632076943663975,,,,38.13398622195875,,,,,,,,,,,,,,,,,,,,,,,,,,27.44707965318592,,,,
00:00:03.900000,,,,,,,,,,,,,,,,,,,,,,,,,,,,,,,,43.682982201473244,,,,,,,,,,,,,,,,,,,,,36.70331678205697,,,,,,,,,,,,,,,,,,,,,,,,
00:00:03.920000,,46.545586875953816,,,,,,,,,,,,,,,,,,,,,,,,,,,,,,,,,,,,,,,,45.4661386969842,,,,,,,,,,,,,,,,,,,,,,,,,,49.7267219367483,,,,,,,,,
00:00:03.940000,,,,,,,,,,,,,27.78633926752308,,,,,,,,,,,,,,,,,,,,,,,,,,,,,,,,,,,,,,26.99205558822857,,,,,,,,,,29.59005696681167,,,,,,37.920435062662456,,,,,,,,28.250703982623442,,
00:00:03.960000,,,,,,,,,,,,,,,,,,,,,,,,,,,,,,,,,,,,,,,,,,,,,,,,,,,,,,,,,,,,,,,,,,26.659794900978397,,,,,,31.589111882966517,,,,,
00:00:03.980000,,,,,,,,,,12.33540582268642,,,,,,,,,,,26.71953521759509,,,,,,,,,,,,,,,,,48.46430889787357,,36.47486791490724,,,,,,,,,,,,,,,,,,,,,,,,26.625875132278303,,,,,,,,,,,,,
00:00:04.000000,,,,,,,,,,,,,,,45.61735461225499,,,,,,,,,,,,,,,,,,31.356133583335467,,,,,,,,,,,,,,,,,,,,,,,,,,,,,,,,,,,,23.829819011983126,,,,,,,,
00:00:04.020000,,,,,,,,,,,,,,,,,,,,,,,,,,,,,,,,,,,,,,,,,,,,,,,,,31.53246534691565,,,,,,,,,,,,,,,,,,,,,,,,,,,,
00:00:04.040000,,,,,,,,,,,,,,,,,,,,,,,,,,,,,,,,,,,,,,,55.15763307318832,,,,,,,69.77590028713759,,,,,,,,,55.72693448161351,,,34.988496688176944,,,,,,,,,,,,,,,,,,,
00:00:04.060000,68.81642983076537,,,,,,,,45.01820494220969,,,,,,,,,,,,,,,,,,,,,,,,,,,,,,,,,,,,,,,,,,,,,,,,,,,,,,,,,,,,,,,,,,,,
00:00:04.080000,,,,,,,,,,,,,,,,,,,,,,,,,,109.40807871623221,,,,,,,,,,56.28397849694978,,,,,,,,,,,,,,,,,,,,,,,,,,,,,,,,,,,,,,,,,
00:00:04.100000,,,,,,,,,,,,,,,,,,,,,,,,,,,,,,,,,,,,,,,,,,,,,,,,,,,,,,,,,,,,,,,,,,,,,,,,,,,,,
00:00:04.120000,,,,,,,,,,,,,,,,,,,,,,,,,,,,,,,,,,,,,,,,,,,,,,,,,,33.637451996199516,,,56.7837179321805,,,,,,,,,,,,,,,,,,,,,28.64512142755753,,,
00:00:04.140000,,33.286371892815104,,,,,,,,,,,,,,,,33.78328416206337,,,,,,,,,,,,,,,,,,,,,,,,,49.4080751950505,,,,,,,,,,,,,,,,,39.67718687949512,,,,,,,,,,,,,,,,,
00:00:04.160000,,,,,,,,,,,,,,,,,,,,,,,,,,,,,19.063182721887888,22.090755118685642,,,,,,,,,,,,,,,,,,,,,,,,,,,,,,,,,,,,,,,,,,,,,,,
00:00:04.180000,,,,,,,,,,,,,,,,,,,,,,,,,,,49.94747952661193,,,,,,,,,,,,,35.26861207142599,,,,,,,,,,,,,,,,,,,,,,,,,,30.42840615944809,,,,,,,37.22514893789013,,,,
00:00:04.200000,,,,,,,,,,,,,,,,,,,,,,,,,,,,,,,,,,,,,,,,,,,,,,,,,,,,,,,,,,,,,,,,35.628965862581616,22.243909656402373,,,49.5248508370513,,,,,,,,,
00:00:04.220000,,,,,,,,,,,,,,,,,,,,,,,,43.59810043122878,,,,,,,,,25.23165895424919,,,,,,,,,,,,,,,,,,,,,,,,,,,,31.26093342055373,,,,,,,,,,,,,,,,
00:00:04.240000,,,,,,,,,,,,,,,,,,,,,,,,,,,,74.79602867821866,,,,,,,,,,,,,,47.704454673442676,,,,,43.877712533701036,,16.87926771269462,,,,,,,,35.5269514723269,,,,,,,,,,,,,,,,,,,,
00:00:04.260000,,,,,,,,,,,,,26.51735280065591,,,,,,,,,,,,,,,,,,,,,,,,,,,,,,,,,,,,,,31.28757012180128,,,,,,,,,,,,,,,,,,23.35348511242295,,,,,,25.57756442991097,,
00:00:04.280000,,,,,,,,,,,,,,,58.02763686141138,,,,,,,,,,,,,,,,,,,,,,,,51.71829968959256,,,,,,,,,,,,,,,,,,,,,,,,,,,,,,,,,26.36381199517443,,,,,
00:00:04.300000,,,,,,,,,,,,,,,,,,,,,,,,,,,,,,,,,,,,,,,,,,,,,,,,,,,,,,,,,,,,,,,,,,,32.06815053098716,,,,,,,,,,
00:00:04.320000,,,,,,,,,,,,,,,,,,,,,,,,,,,,,,,,,,,,,,67.78898053979796,,,,,,,,,,,,,,,,,,,,49.310117208857534,,,,,,,,,,,,,,,,,,,
00:00:04.340000,,,,,,,,,,,,,,,,,,,,,23.08252505804781,,,,,,,,,,,,,,,,,,,,,,,,,,,,,,,,,,,,,,,,,,,,,,,,,,,,,,,,28.226799225654336
00:00:04.360000,,,,,,,,,26.68387681606093,25.515686974912747,,,,,,,,46.27259070157253,,,,,,,,,,,,,,45.24495939164386,,,,49.707854466570815,,,,,,,,,,98.77167203430164,,,,,,,,,,,,,,,,,,,,,,,,,,,,,,,
00:00:04.380000,,,,,,,,,,,,,,,,,,,,21.605629127809305,,,,,,,,,,,,,,,,,,,,,,,,,,,,,,,,,56.834339801960496,,,,,,,,,,,,,,,,,,,,,22.915865049295732,,,
00:00:04.400000,,,,,,,,,,,,,,,,,,,,,,,,,,,,,,,,,,,,,,,,34.84855096550245,,,,,,,,,,,,,,,,,,,,51.71635279228784,,,,30.832745580241703,,19.85029302300536,,,,,,,,,,,
00:00:04.420000,,,,,,,,,,,,,,,,,,,,,,,,,,,,,,,,,,,,,,,,,,,,,,,,,,,,,,,,,,,,,,,,,,,,,,,,,,,,,
00:00:04.440000,,,,,,,,,,,,,,,,,,,,,,,,,,,,,,,,,,,,,,,,,,,,,,,,,33.61635083791088,,,,,,,,,,,,,,,,,,,41.34573811643453,,,,,,,,,
00:00:04.460000,69.86677195469261,,,,,,,,,,,,,,,,,,,,,,,,,,,,,21.95920210737022,,,,,,,,,,,,,49.19854040379633,,,,,,,37.69705176304007,,,,,,,,,,,,,,,27.44149398842025,,,,,,,,40.205162057856434,,,,
00:00:04.480000,,,,,,,,,,,,,,,,,,,,,,,,,,,,,,,,,,,,,,,,,,,,,,,,,,,,,,,,,,,,,,,,,,,,,,,,,,,,,
00:00:04.500000,,,,,,,,,,,,,,,,,,,,,,,,,,,,,,,,,24.356956415566806,,,,,,,,,,,,,,,,,,,,,,,,,,,,30.170774752315307,,,,,,,,,,,,,,,,
00:00:04.520000,,,,,,,,,,,,,,,,,,,,,,,,,,,,,,,,,,,,,,,,,,69.70195874606007,,,,,,,,,,,,,,,,,,,,,,,,,,,,,,,,,,,
00:00:04.540000,,49.25515991504686,,,,,,,,,,,,,59.03353678123469,,,,,,,,,,,,45.170658149372215,,,,,,,,,,,,,,,,,,,,,,,,,,,,44.16723828428368,,,,,,,,,,,,,,24.59185021357975,,,,,,,,
00:00:04.560000,,,,,,,,,,,,,,,,,,,,,,,,,,,,,,,,,,,,,,,,,,,,,,,40.04462516872747,,,,,,,,,,,,,,,,,,,,,,,,,,,,,,
00:00:04.580000,,,,,,,,,,,,,,,,,,,,,,,,,,,,,,,,,,,,,,,,,,,,,,,,,,,,,,,,,29.532522743708363,,,,,,,,,,,,,,,,,,,,
00:00:04.600000,,,,,,,,,,,,,31.28723155957417,,,,,,,,,,,,,,,,,,,,,,,,,,,28.493979274900056,,,,,,,,,,,33.48330447141308,,67.54138165355005,,,,,,,,,,,,,,,,,,,25.496889754345602,,,,,
00:00:04.620000,,,,,,,,,,,,,,,,,,36.63933828345048,,,,,,,,,,,,,,,,,,,,,,,,,,,,,,,,,,,,,,,,46.114010741261204,,,,,,,,19.154407504994012,,,,,,,,23.656603968618626,,,
00:00:04.640000,,,,,,,,,,,,,,,,,,,,14.201663260085638,,,,46.23981289538258,,,,,,,,,,,,,,51.41378391169241,,,,,,,,,,,,,,,,,,,,,,,,,,40.673977661200375,,,31.77288975487505,,,,,,,,,,
00:00:04.660000,,,,,,,,,,,,,,,,,,,,,,,,,,,,,,,,,,,,48.92911749979857,,,49.86552851368757,,,,,,,89.77220954759632,,,,,,,,,,,,,,,,,,,,,,,,,,,,,,,
00:00:04.680000,,,,,,,,,25.21729559862727,,,,,,,,,,,,21.7527464538528,,,,,,,,,,,,,,,,,,,,,,,,,,,,,,,,,,,,,,,,,,,,,,,36.34843757627921,,,,,,,,,
00:00:04.700000,,,,,,,,,,,,,,,,,,,,,,,,,,,,,,,,,28.60597224975473,,,,,,,,,,,,,,,,,,,,,,,,,,,,,,,,,,,,,,,,,,,,28.67346334632324
00:00:04.720000,,,,,,,,,,,,,,,,,,,,,,,,,,,,,,,,,,,,,,,,,,,,,,,,,,,,,,,,,,,,,,,,,29.248891488462892,,,,,,,,,,,,
00:00:04.740000,,,,,,,,,,,,,,,,,,,,,,,,,,105.73666606357644,,,,,,,,,,,,,,,,,,,,,,,,,,,,,,,,,,,,,,,,,,,,,,,,,21.65421572141915,,
00:00:04.760000,,,,,,,,,,,,,,,,,,,,,,,,,,,,,,21.406945305499875,,,,,,,,,,,,,,,,,,,,,,,,,,,,,,,,,,,,,,,20.329600108717354,,,,,,,,
00:00:04.780000,,,38.51691137450856,,,,58.23020995596698,,,,,,,,,,,,,,,,,,,,,,,,,,,,,,,,,,,,45.54883633028687,,,,,,38.38382784762207,,,,,,,,,,,,,,,,,,,,,,,,33.33045470508897,,,,
00:00:04.800000,,,,,,,,,,,,,,,,,,,,,,,,,,,,,,,,,,,,,,,,31.62899127064761,,,,,,,,,,,,,,,,,25.628608267374602,,,,,,,,,,,,,,,,,,,,
00:00:04.820000,,,,,,,,,,,,,,,,,,,,,,,,,,,,,,,,,,,,,,,,,,78.69863393225755,,,,,,,,29.548027827666488,,,,,,,,,,,26.271362436945658,,,,,,,,,,,,,,,,
00:00:04.840000,,,,,,,,,,,,,,,50.67166170607271,,,,,24.0207392692487,,,,,,,,,,,,44.77967435951705,,,,,,,,,37.30979972736501,,,,,,,,,,,,,,,,,,,,,,,,,,,,,,,,,,,,
00:00:04.860000,,,,,,,,,,23.617923509728843,,,,,,,,29.37042241658155,,,,,,,,,,,,,,,,,,,,,,,,,,,,,46.100441326867646,,,,,,,,,,,,,45.49607744233902,,,,,,17.48727191697967,,,,,,,,,,,
00:00:04.880000,51.89795085070343,50.04530442836914,,,,,,,,,,,,,,,,,,,,,,33.47038035055342,,,,,,,,,,,,,,,,,,,,,,,,,,,,,,,,,,,,,,,,35.91253753533896,,,,,,,,,,25.83139796936448,,,
00:00:04.900000,,,,,,,,,28.44232847902388,,,,24.50787996534534,,,,,,,,,,,,,,44.13620603204544,,,,,,,,,,,,,,,,,,,,,,,,,,,,,,,,,,,,,,,,,,,,,,,,,,
00:00:04.920000,,,,,,,,,,,,,,,,,,,,,,,,,,,,,,,,,,,,,,,39.575927884256224,,,,,,,,,,,,34.252844083180946,,,,,,,42.36682906640456,,,,,,,,,,,,,,,,,,,
00:00:04.940000,,,,,,,,,,,,,,,,,,,,,,,,,,,,,,,,,,,,,,,,,,,,,,,,,,,,,,,48.70444615714939,,,,,,,,,,,,,,,,,27.899894742818503,,,,,
00:00:04.960000,,,,,,,,,,,,,,,,,,,,,,,,,,,,,,,,,,,,,,31.699399307771074,,,,,,,30.4373552171867,,,,,,,,,,,,,,,,,,,,,,,37.142348137389654,,,,,,,21.037973830362226,,
00:00:04.980000,,,,,,,,,,,,,,,,,,,,,,,,,,,,,,,,,,,,47.42888280334496,,,,,,,,,,,,,,,,,,,,,,,,,,,,,,,,,,,,,,,,,
00:00:05.000000,,,,,,,,,,,,,,,,,,,,,,,,,,121.80212848851087,,,,,,,,,,,,,,,,,,,,,,,,,,,59.98319761097262,,,,,,,,,,,,24.80075584397485,,28.026173251740516,,,,,,,,,,
00:00:05.020000,,,,,,,,,,,,,,,,,,,,,23.263989464122137,,,,,,,,,,,,,,,,,,,37.60700633098,,,,,,79.48837572247602,,,,,,,,,,,,,,,,,,,,,,,,,,,,,,,
00:00:05.040000,,,,,,,,,,,,,,,,,,,,,,,,,,,,,,,,,,,,,,,,,,,,,,,,,,,,,,,,,,,,,,,,,,,,,,,,,,,,,28.57620606067504
00:00:05.060000,,,,,,,,,,,,,,,,,,,,,,,,,,,,,14.882705271668687,,,,,,,,,,,,,,53.647529843830135,,,,,,,,,,,,,,,,,,,,,,,,,,22.75693512663853,,,,,,,,
00:00:05.080000,,,,,,,,,,,,,,,,,,,,,,,,,,,,,,,,,,,,,,,,,,,,,,,,,,,,,,,,,,,,,,,,27.830720752558765,,28.605717270201808,,,,,39.13293221472205,,,,,,
00:00:05.100000,,,,,,,,,,,,,,,,,,,,,,,,,,,,,,,,,24.70950669109144,,,,,,,,,,,,,,,,,,,,,,,,,,,,29.578684547523338,,,,,,,,,,,,38.9540882075219,,,,
00:00:05.120000,,,,,,,,,,,,,,,45.51202427236733,,,,,,,,,,,,,,,,,,,,,,,,,,,73.67478132532177,,,,,,,33.86224137165904,,,,,,,,,,,,,,,,,,,,,,,,,,,,
00:00:05.140000,,,,,,,,,,,,,,,,,,36.80675013932819,,,,,,,,,,,,23.421825264731392,,,,,,,,,,,,,,,,,,,,30.61827572459093,,,,,,,,,,,,,,,,,,,,,,,,,,,
00:00:05.160000,,,,,,,,,,,,,26.321291464725928,,,,,,,,,,,,,,,,,,,,,,,,,,,,,,,,,,38.30374156591628,,,,,,,,,,,,,,,,,,,,,,,,,,,20.616904360492423,,,
00:00:05.180000,,,,,,,,,,,,,,,,,,,,,,,,,,,,,,,,,,,,,,,,,,,,,,,,,,,,,,,,,,,,,,,,,,,,,,,,,,,,,
00:00:05.200000,,40.34858240286052,,,,,,,,,,,,,,,,,,,,,,,,,,,,,,,,,,,,,,,,,,,,,,,,,,,,,,,25.57239409522189,39.46703738997642,,,,,,,,,,,,,,,,,,,
00:00:05.220000,55.90634345653135,,,,,,,,24.889325858488675,,,,,,,,,,,,,,,,,,60.55103187983313,,,,,,,,,,,,,,46.422676119604645,,,,,,,,,,35.79646998295325,,,,,,,,,,,,,,,,,45.20902761456118,,,,,,,,,
00:00:05.240000,,,,,,,,,,,,,,,,,,,,,,,,,,96.71734412508208,,,,,,,,,,,,,43.059259983113954,,,,,,,,,,,,,,,,,,,,,,,,,,,,,,,,,,,,,,
00:00:05.260000,,,,,,,,,,,,,,,,,,,,,,,,,,,,,,,,,,,,,,43.47664973361218,,39.87273050901899,,,,,,,,,,,,,44.129338965860185,,,,,,,,,,,,27.230061036962752,,,,,,,,,,,,
00:00:05.280000,,,,,,,68.39041147131944,,,,,,,,,,,,,,,,,,,,,,,,,,,,,,,,,,,,,,30.734960445995164,,,,,,,,,,,,,,,,,,,,,22.19579519575138,,,,,,,,,,,
00:00:05.300000,,,,,,,,,,,,,,,,,,,,24.96537476550825,,,,,,,,,,,,,,,,51.92400179772293,,,,,,,,,,,,,,,,,,,,,,,,,,,,,,,,,,,,15.717797662243214,,,,,
00:00:05.320000,,,,,,,,,,28.26170396926437,,,,,,,,,,,,,,,,,,,,,,48.39517066663432,,,,,,,,,,,,,,,,,,,,,,,,,,,,,,,,,,,26.75739095954973,,,,,,,,17.486980755979594,,
00:00:05.340000,,,,,,,,,,,,,,,,,,,,,,,,,,,,,,,,,,,,,,,,,,,49.63401661763735,,,86.99978010329521,,,,,,,,,,,,,,,,,,53.1339644945403,,,,,,,,,,,,,
00:00:05.360000,,,,,,,,,,,,,,,,,,,,,32.35942540338175,,,,,,,,,,,,,,,,,,,,,,,,,,,,,,,,,,,,,,,,26.94748657747877,,,,,,,,22.78431697395987,,,,,,,,
00:00:05.380000,,,,,,,,,,,,,,,,,,,,,,,,,,,,,,26.016980349737025,,,,,,,,,,,,,,,,,,,,,,,,,,,,,,,,,,,,,,,,,,,,,,,30.004139620678806
00:00:05.400000,,,,,,,,,,,,,37.57691731953358,,,,,29.738684544550384,,,,,,,,,,,,,,,,,,,,,,,,,,,,,,,,,,,,,,,,,,,,,,,,,,,,,,,48.91019757057774,22.82757130727141,,,
00:00:05.420000,,,,,,,,,,,,,,,45.54828508803274,,,,,,,,,,,,,,,,,,,,,,,,,,,71.66627984930903,,,,,,,,,,,,,,,,,,,,,,,,,,,,,32.05446897364418,,,,,,
00:00:05.440000,,,,,,,,,,,,,,,,,,,,,,,,,,,,,,,,,,,,,,,,,,,,,,,,,,,,,,,,,,,,,,,,,,,,,,,,,,,,,
00:00:05.460000,,,,,,,,,,,,,,,,,,,,,,,,,,,,,,,,,25.37719645569514,,,,,,,,,,,,,,,,33.148101725424944,34.835052866444414,,,46.50783198416893,,48.06055428348093,,29.159740796818713,31.32372303327013,,,,,,,,,,,,,,,,,,,
00:00:05.480000,,,,,,,,,,,,,,,,,,,,,,,,,,,,,,,,,,,,,,,,34.42097749721532,,,,,,,,,,,,,,,,,,,,,,,,,,,,,,,,,,,,,
00:00:05.500000,,,,,,,,,,,,,,,,,,,,,,,,,,,,,,,,,,,,,,,,,,,,,,,37.438313142810685,,,,,,,,,,,,,,,,,,,20.307673108737653,,43.875906589752596,,,,,,,,,
00:00:05.520000,,48.79604199035492,,,,,,,,,,,,,,,,,,,,,,,,34.14873069963752,,,,,,,,,,,,,,,,,,,,,,,,,,,,,,,,,,,,,,,30.7466381981439,,,,,,,,,,,,
00:00:05.540000,,,,,,,,,,,,,,,,,,,,,,,,,,,,,,,,,,,,,,,,,50.77175883669739,,,,,,,,,,30.122228178217558,,,,,,,,,,,,,,,,,,,,,,,,,,
00:00:05.560000,,,,,,,,,,,,,,,,,,,,,,,,,,,,,,,,,,,,,,,,,,,,,,,,,,,,,,,,,,,,,,,,,,,,,,,,,,,,,
00:00:05.580000,,,,,,,113.85925127724752,,,,,,,,,,,,,,,,,,,,,,,,,,,,,,,33.25520330546032,39.78627551189229,,,,,,,,,,,,,,,,,,,,,,,,,34.17334339520822,,,,,,,,,,,,,
00:00:05.600000,,,,,,,,,,,,,,,,,,,,,,,,,,,38.177858549951615,,,,,,,,,,,,,,,,,,33.76397433210185,,,,,,,,,,,,,,,,,,,,,,,,,,,,,,,,
00:00:05.620000,51.32331017936408,,,,,,,,,,,,,,,,,,,,,,,,,,,,,,,,,,,39.94264636492971,,,,,,,46.68918175592261,,,,,,,,,,,,,,,,,,,,,,,,,,19.231638464179994,,,,,,,,
00:00:05.640000,,,,,,,,,,,,,20.608246668841645,,,,,,,,,,,,,,,,15.539986622812586,,,,,,,,,,,,,,,,,,,,,,,,,,,,,,,,,,,,,,,,,,,,,,,,
00:00:05.660000,,,,,,,,,,,,,,,,,,31.723184848999427,,,,,,,,,,,,30.739915078579944,,,,,,,,,,,,,,,,,,,,,,,,,,,,,,,31.894193247189754,,,,,,21.72302050715385,,,,,,,,,,
00:00:05.680000,,,,,,,,,,,,,,,56.27186906901611,,,,,,,,,,,,,,,,,,,,,,,,,30.40357266536769,,,,,,,,,,,,,,,,,,,,,,,,,,,,,,,33.724840747353156,,,,22.69202647248555,,
00:00:05.700000,,,,,,,,,,,,,,,,,,,,,,,,,,,,,,,,,,,,,,,,,,,,,,95.58320739328852,,,,,,,48.68719276042805,,,,,,,,,,,,,19.766521466270508,,,,,,,,,,,24.78107413612431
00:00:05.720000,,,,,,,,,,,,,,,,,,,,25.481720021213878,,,,,,,,,,,,,25.018871473093505,,,,,,,,,,,,,,,,,,,,,,,,,,,,,,,,,,,,,,,,,,,,
00:00:05.740000,,,,,,,,,,,,,,,,,,,,,,,,,,,,,,,,,,,,,,,,,,41.0406184683477,,,,,,,,,,,,,,,,,,,,,,,,,,,,,,,42.79749875714069,17.296927566788824,,,
00:00:05.760000,,,,,,,,,,,,,,,,,,,,,21.768663921968297,,,,,,,,,,,,,,,,,,,,,,,,,,,,,,,,,,,,,27.15946035096227,,,,,,,,,,,,,,,,,,,
00:00:05.780000,,,32.955869813346844,,,,,,,25.900426913949946,,,,,,,,,,,,,,,,,,,,,,53.45093674838131,,,,,,,,,,,,,,,,,,,,,,,,,,,,,,,,,19.693486622454785,,,31.96304657313272,,,,,,,,,
00:00:05.800000,,,,,,,,,,,,,,,,,,,,,,,,,,,,,,,,,,,,,,,,,,,,,,,,,,33.62177524566253,,,,,,,,,,,,,,43.67976678669425,,,,,,,,,,,,,
00:00:05.820000,,39.56552861602903,,,,,,,,,,,,,,,,,,,,,,,,,,,,,,,,,,,25.56104701936754,,,,52.75232431126452,,,,,,40.83257059661814,,,,,,,,,,,,,,,,,,,,,,,,,,,,,,
00:00:05.840000,,,,,,,,,,,,,,,,,,,,,,,,,,,,,,,,,,,,,,,,,,,,,,,,,,,,,,,,,,,,,,,,,,,,,,,,,,,,,
00:00:05.860000,,,,,,,,,,,,,,,,,,,,,,,,42.711773336238366,,,,,,,,,,,,,,41.74837146401712,,,,,,,,,,,,,43.30213226194441,,,,,,31.830843968303014,,,,,,,,,,,,,,,,,,,,
00:00:05.880000,,,,,,,,,,,,,,,,,,,,,,,,,,,,,,,,,,,,,,,,,,,,,31.611163186871906,,,,35.46314820644637,,,,,,,,,,,,,,,,,,,,,,,,,,,,
00:00:05.900000,,,,,,,,,,,,,,,,,,,,,,,,,,,,,,,,,,,,,,,33.32785083084631,32.63903422636611,,,,,,,,,,,,,,,,,,,,,,,,,,,,,,,,,,,,,
00:00:05.920000,,,,,,,,,,,,,,,,,,28.71412024049352,,,,,,,,,,,,,,,,,,,,,,,,,45.79262009669434,,,,,,,,,,,,,,,,,,,,,,,15.849481733128169,,,,,,,,,,,
00:00:05.940000,,,,,,,,,,,,,22.128603675469797,,,,,,,,,,,,,,,,,,,,,,,50.78682979175339,,,,,,,,,,,,,,,,,,,,,,,,,,,,,,,,,19.66700079137445,,,,,,,,
00:00:05.960000,,,,,,,,,,,,,,,,,,,,,,,,,,,42.17307262093546,,,34.60445639548954,,,26.60143898435413,,,,,,,,,,,,,,,,,,,,51.84273927168182,,48.874568889524966,,,,,,27.03591052552341,,,,,,,,,,26.139236349557976,,,,,,
00:00:05.980000,,,,,,,,,,,,,,,44.97350622736211,,,,,,,,,,,,,,,,,,,,,,,,,,,,,,,,,,,,,,,,,,,,,,,,,,,,,,,,,,,,,,
00:00:06.000000,46.1978383656509,,,,,,,,,,,,,,,,,,,,,,,,,,,,,,,,,,,,,,,,,,,,,,,,,,,,,,,,,,,,,,,,,,,,,,,,,,,,
00:00:06.020000,,,,,,,,,,,,,,,,,,,,,,,,,,,,,,,,,,,,,,,,,,50.297514082679136,,,,83.60529802007805,,,,,,,,,,,,,,,,,,,,,22.417199469107107,,,,,,,,,,
00:00:06.040000,,,,,,,,,,,,,,,,,,,,,,,,,,,,,,,,,,,,,,,,,,,,,,,,,,,,,,,,,,26.23004970026803,,,,,,31.45152803126513,20.558733892970647,,,31.61850947184968,,,,,,,,,
00:00:06.060000,,,,,,,,,29.751393996658873,,,,,,,,,,,,,,,,,,,,,,,,,,,,25.60735003207255,,,,,,,,,,,,,,,,,,,,,,,,,,,,,,,,,,,,39.32047331628472,,,,
00:00:06.080000,,,,,,,57.9828192717169,,,,,,,,,,,,,,,,,,,,,,,,,,,,,,,,,,,,,,,,,,,,,,,,,,,,,,,,,,,,,,,,,,,,,,23.334809842660214
00:00:06.100000,,,,,,,,,,,,,,,,,,,,,15.986236692068053,,,,,,,,,,,,,,,,,,,,,,,,,,43.085829182363575,,,,,,,,,,,,,,,,,,,,,,,,,,,,,,
00:00:06.120000,,,,,,,,,,,,,,,,,,,,,,,,,,,,,,,,,,,,,,46.7006586970782,,26.52656757282381,,,,,,,,,,30.660357517115177,,,,,,,,,,,,,,,,,,,,,,,,,,,
00:00:06.140000,,37.77181564390215,,,,,,,,,,,,,,,,,,,,,,,,,,,15.749943320677016,,,,,,,,,,,,,,,,,,,,,,,,,,,,,,,,,,,,,15.340924699535826,,,26.233902029590418,,,,,,,,
00:00:06.160000,,,,,,,,,,,,,,,,,,25.91841138609031,,27.015020661438452,,,,,,,,,,28.819825883883638,,,,,,,,,,,,,,,,,,,,,38.09523593932153,,,,,,,,,,,,,,,,,,,,,,,,21.23781908900416,,
00:00:06.180000,,,,,,,,,,,,,,,,,,,,,,,,,,,,,,,,,,,,,,,,,,,53.56984002655978,,,,,,,,,,,,,,32.149637011416324,,,,,,,,,,,,,,,,,,,,
00:00:06.200000,,,,,,,,,,,,,,,,,,,,,,,,,,,,,,,,,,,,,,,,,,,,,25.464773627184385,,,,,,,,,,,,,,,,,,,,,,,,,,22.40427820837397,,,,,,
00:00:06.220000,,,,,,,,,,22.48295529547556,,,23.991782087548284,,,,,,,,,,,,,,,,,,,,,,,,,,32.69405257967297,,,,,,,,,,,,,,,,,,,,,,,,,,,,,,,,,,,,,,
00:00:06.240000,,,,,,,,,,,,,,,,,,,,,,,,,,,,,,,,44.94897336036499,25.24316387906945,,,51.06322760837054,,,,,,,,,,,,,,,,,43.01052060364889,,,,,,,,,,,,,,,,,,,,,,,,
00:00:06.260000,,,,,,,,,,,,,,,,,,,,,,,,,,,,,,,,,,,,,,,,,,,,,,,,,,,,,,,,,,,,,31.22107801183132,,,,,,,,,,,,,,,,
00:00:06.280000,,,,,,,,,,,,,,,,,,,,,,,,,,,,,,,,,,,,,,,,,,,,,,,,,,,,,,,,,,,,,,,,44.628402921045094,,,,,,,,,,,,,
00:00:06.300000,,,,,,,,,,,,,,,,,,,,,,,,,,,,,,,,,,,,,,,,,,,,,,,,,,,,,,,,,,,,,,,,,19.035304660534187,,,,,,,,,,,,
00:00:06.320000,,,,,,,,,,,,,,,50.24812632335554,,,,,,,,,,,,,,,,,,,,,,,,,,,59.791326578753576,,,,,,,38.22124463645928,,,,,,,,,33.49984799640568,,,,,,,,,,34.66424138463893,,,,,,,,,
00:00:06.340000,,,,,,,,,,,,,,,,,,,,,,,,,,,,,,,,,,,,,24.16717233558587,,,,,,,,,,,,,,,,,,,,,,,,,,,,,20.40738522797317,,,,,,,,,,,
00:00:06.360000,,,,,,,,,,,,,,,,,,,,,,,,,,,,,,,,,,,,,,43.739541603923406,,28.610468762501466,,,,,,109.8671806646414,,,,,,,,,,,,,,,,,,,,,22.27023158210759,,,,,,,,,,
00:00:06.380000,,,,,,,,,,,,,,,,,,,,,,,,,,,,,,,,,,,,,,,,,,,,,,,,,,,,,,,,,,,,,,,,,,,,,,,,,,,19.686869381219413,,
00:00:06.400000,47.33482759096611,,,,,,,,,,,,,,,,,,,,,,,,,,,,,,,,,,,,,,,,,,,,,,49.335885445467866,,,,,,,,,,,,,,,,,,,,,,19.870601998524183,,,,39.09611439820807,,,,
00:00:06.420000,,,,,,,,,,,,,,,,,,,,,,,,,,,,,,,,,,,,,,,,,,,,,,,,,,,,,,,,,,,,,,,,,,,,,,,,,,,,,26.391219580150274
00:00:06.440000,,,,,,,,,30.652348816725286,,,,,,,,,25.13332054756577,,,21.987426195868178,,,,,,,,,23.251527303401605,,,,,,,,,,,,,,,,,,,,36.287395654111116,,,,,41.7107837700784,,,,,,,,,,,,,,,,,,,,,,
00:00:06.460000,,40.63648377166279,,,,,,,,,,,,,,,,,,,,,,,,,,,,,,,28.62901558057627,,,,,,,,,,53.59075911707093,,,,,,,,,,,,,,,,,,,,,,,,,,,,,,,,,,
00:00:06.480000,,,,,,,,,,,,,,,,,,,,,,,,,,,,,15.593988190054985,,,,,,,,,,,,,,,,,,,,,,,,37.53841107606068,,,,,,,90.84131392625478,,,,,,,,,,,,,,,,,
00:00:06.500000,,,,,,,,,,,,,,,,,,,,,,,,,,,,,,,,,,,,,,,,,,,,,29.29391073812763,,,,,,32.73590108291248,,,,,,26.055659536694325,,,,,,,,,,,,,,,,,,,,
00:00:06.520000,,,,,,,,,,,,,21.66732905121412,,,,,,,,,,,,,,,,,,,,,,,,,,,,,,,,,,,,,,,,,,,,,,,,,,,30.991557823703307,,,,,,,,,,,,,
00:00:06.540000,,,,,,,,,,,,,,,,,,,,,,,,,,,,,,,,,,,,,,,31.720581891063016,,,,,,,,,,,,,,,,,,,,,,,,,,,,,,,,,,,,,,
00:00:06.560000,,,,,,,,,,,,,,,,,,,,,,,,,,,,,,,,,,,,37.36394268612712,,,,,,,,,,,,,,,,,,,,,,,,,,,,,,,,,,,,,,,,,
00:00:06.580000,,,,,,,,,,,,,,,,,,,,25.077393347903104,,,,,,,,,,,,,,,,,,,,,,,,,,,,,,,,,,,,,,,,,26.077503778083173,,,,,18.87624933968175,,,,,,,,,,,
00:00:06.600000,,,,,,,,,,,,,,,,,,,,,,,,,,,,,,,,,,,,,,,,30.325110172900924,,,,,,,,,,,,,,,,,,45.25823475261323,,,,,,,,,,,,,,,,,,,
00:00:06.620000,,,,,,,,,,27.21628306109389,,,,,,,,,,,,,,,,,,22.2097824573426,,,,,,,,,,38.73810344295861,,,,66.8320303932112,,,,,,,,,,,,,,,,,,,,,,,,,,,,,,,,,,,
00:00:06.640000,,,,,,,,,,,,,,,,,,,,,,,,,,,,,,,,,,,,,,,,,,,,,,,,,,,,,,,,,,,,,,,,,,,,,,,,,,,,,
00:00:06.660000,,,,,,,,,,,,,,,,,,,,,,,,,,,,,,,,,,,,,,,,,,,,,,,,,,,,,,,,,,,,,,,,,62.18190619344878,,,,,,,,,,,,
00:00:06.680000,,,,,,,,,,,,,,,42.61685795428771,,,,,,,,,,,,,,,,,44.79756241559214,,,,,,,,,,,,,,,,,,,,,,,,,,,,,,,,,,,,,20.636340269500295,,,,,,,,
00:00:06.700000,,,,,,,,,,,,,,,,,,24.795468646070372,,,,,,,,,,,,,,,,,,,,,,,,,,,,92.42589767679644,,,,,,,,,,,,,,,,,,,,,,,,,,,,,,,
00:00:06.720000,,,,,,,,,,,,,,,,,,,,,,,,,,,,,,,,,,,,,,,,,,,,,,,,,,,,,,,,,,,,,,,,,,,20.721126838171468,,,,,,,,,,
00:00:06.740000,,,,,,,,,,,,,,,,,,,,,,,,,,,,,15.065477495307894,,,,,,,,,,,,,,49.057485044036454,,,,,,,,,,,,,,,,,,,,,,,,,27.241246343390078,,,,,37.33802242393426,,,,
00:00:06.760000,,40.29092692691826,,,,,,,,,,,,,,,,,,,,,,,,,,,,,,,,,,,,,,,,,,,,,,,,,,,,,,,,,,,,,,,,,,,,,,,,,,,27.70050672012837
00:00:06.780000,52.84354629849759,,,,,,,,,,,,20.713151619832765,,,,,,,,25.4673222803387,,,,,,,,,,,,,,,,,,,,,,,,25.686625631395717,,51.11885506036593,,,26.412733318677148,,,,,,,,,,,,,,37.13978464420536,,22.431583733283496,,,,,,,,,,,
00:00:06.800000,,,,,,,,,,,,,,,,,,,,,,,,,,,,,,24.768548892406397,,,26.007555487346753,,,,,,,,,,,,,,,,,,33.158995713544606,,37.562313615648776,,,,,,,,,,,,,,,,,,,,,,,,
00:00:06.820000,,,,,,,56.15303388610096,,,,,,,,,,,,,,,,,,,,,,,,,,,,,,24.170456645235344,,,,,,,,,,,,,,,,,,,,,,,28.74956336095593,,,,,,,,,,,,,,,,,
00:00:06.840000,,,,,,,,,,,,,,,,,,,,,,,,,,,,,,,,,,,,,,,,,,,,,,,,,28.522220720962768,,,,,,,,32.83527866043507,,,,,,,,,,,,,,,,,,,,
00:00:06.860000,,,,,,,,,,,,,,,,,,,,,,,,,,,,,,,,,,,,,,,,27.349314346939874,,,,,,,,,,,,,,,52.00873910828206,,,,,,,,,,,,,,,,,,,,,,
00:00:06.880000,,,,,,,,,,,,,,,,,,,,,,,,,,,,26.981323938320322,,,,,,,,,,,,,,,,,,,,,,,,,,,,,,,,,28.250483005363954,,,,25.46954783785897,,,,,,,,,,21.961210301602407,,
00:00:06.900000,,,,,,,,,,,,,,,,,,,,,,,,,,,,,,,,,,,,,,,,,,,,,,,,,,,,,,,,,,,,,,,,,,,,,,,,,,,,,
00:00:06.920000,,,,,,,,,,,,,,,,,,,,,,,,,,,,,,,,,,,,47.859322923695785,,,,,,,,,,,,,,,,,,,,,,29.18013142430871,,,,,,,,,,,,,,,,,,,
00:00:06.940000,,,,,,,,,,,,,,,,,,20.447958044137327,,,,,,,,,,,,,,,,,,,,34.138508123106014,35.41531690343386,,,52.53968664965662,,,,,,,,,,,,,,,,,,,,,,,,,,,,,,,,,,,
00:00:06.960000,,,,,,,,,,,,,,,,,,,,,,,,71.88337458227147,,,,,,,,,,,,,,,,,,,,,,,,,,,,,,,,,,,,,,,,,,,,,,,,,,,,,
00:00:06.980000,,,,,,,,,,,,,,,33.54740093887221,,,,,22.297714801439447,,,,,,,,,,,,,,,,,,,,,,,,,,,,,,,,,,,,,,,,,,,,,,,,,,,,,,,,,
00:00:07.000000,,,,,,,,,,,,,,,,,,,,,,,,,,,,,,,,,25.23814837251155,,,,,,,,,,,,,,,,,,,,,,,,,,,,,,,24.252295437523703,,25.26461685463443,,,26.018188413950487,,,,,,,,
00:00:07.020000,,,,,,,,,,,,,,,,,,,,,,,,,,,,,19.548747899791124,,,,,,,,,,,,,,,,,,,,,,,,,,,,,,,,,,,,,,,,,,,,,,,,
00:00:07.040000,,,,,,,,,,,,,,,,,,,,,,,,,,,,,,,,,,,,,,,,,,,50.51027954851798,,,73.72676332939281,,,,,,,,,,,,,,,,,,,,,22.321297709805087,,,,,,,,,,
00:00:07.060000,,,,,,,,,,,,,,,,,,,,,,,,,,,,,,,,,,,,,,,,,,,,,28.94462805782895,,,,,,,,,,,,,,,,,,,,,,,,,,,,,13.148383201564787,,,
00:00:07.080000,,,,,,,,,,,,,22.71935298638631,,,,,,,,,,,,,,,,,,,,,,,,20.808313497184134,,,,,,,,,,41.49727300135663,,,,,,,,,,,,,,,,,,,,,,,,,,38.68810142244615,,,,
00:00:07.100000,,38.33905984676935,,,,,,,,,,,,,,,,,,,,,,,,,,,,20.48364413096553,,,,,,,,,,31.213965923249297,,,,,,,,,,33.42101478277833,,,,,,,,,,,,,,,,,,,,,,,,,,,
00:00:07.120000,,,,,,,,,,,,,,,,,,,,,,,,,,,,,,,,,,,,,,,,,,,,,,,,,,,,,,,,,,,,,,,,,,,,,,,,,,,,,23.732963193699785
00:00:07.140000,,,,,,,,,,,,,,,,,,,,,18.089791219738192,,,,,,,,,,,,,,,,,,,,,,,,,,,,,,30.63616240249091,,,,,,,,,,,,,,,,,24.24553430793315,,,,,,,,,
00:00:07.160000,,,,,,,,,,,,,,,,,,,,,,,,,,,,,,,,,,,,,,,,,,,,,,,,,,,,,,,,,,,,,,,,,,,,,,,,,,,,,
00:00:07.180000,52.16709372764811,,,,,,,,,,,,,,,,,27.816700325975177,,,,,,,,,,,,,,38.97500283586181,,,,,,,,,,,,,,,,,,,,,,,,,,30.983237021475105,,,34.36391251107443,,,,37.05450143190863,,,,,,,,,,,,
00:00:07.200000,,,,,,,,,,,,,,,,,,,,18.614997503164314,,,,,,,,,,,,,,,,,,,,,,70.69367354984192,,,,,,,,,,,,,,,,,,,,,,,,,,,,,,,,,,,
00:00:07.220000,,,,,,,,,,,,,,,,,,,,,,,,,,,,,,,,,37.24070905222235,,,,,29.883693815297647,34.99591681833043,,,,,,,,,,,,,,,,,,,,,,,,,,,19.1104293656858,,,,,,,,,,,
00:00:07.240000,,,,,,,,,,,,,,,,,,,,,,,,,,,,,,,,,,,,39.93687620705251,,,,,,,,,,,,,,,,,,,,,,,,,,,,,,,,,,,,,,,16.125723093701858,,
00:00:07.260000,,,,,,,,,,,,,,,,,,,,,,,,,,,,,,,,,,,,,,,,,,,,,,,,,,,,,,,,,,,,,,,,32.98591109459017,,,,,,,,,,,,,
00:00:07.280000,,,,,,,,,,,,,,,,,,,,,,,,57.982311287799256,,,,,,,,,,,,,,,,,,,59.777573401894024,,,,,,,,,,,,,,,,,,,,,,,,,,19.302380786587342,,,,,,,,
00:00:07.300000,,,,,,,,,,,,,,,41.11303237233981,,,,,,,,,,,,,,,,,,,,,,,,,,,,,,,,,,,,,,,,,,,,,,,,,,,,,,,,,,,,,,
00:00:07.320000,,,,,,,,,,,,,18.162971666151353,,,,,,,,,,,,,,,,,,,,,,,,,,,,,,,,,,,,,,,,,,,,,,,,,,,,,,,,,,,,,,,,
00:00:07.340000,,,,,,,,,,,,,,,,,,,,,,,,,,,,,17.421182457641606,,,,,,,,,,,,,,,,,95.22956235283213,,,,,,,,,,,,,,,,,,,,,,,,,,,,,,,
00:00:07.360000,,,,,,,,,,,,,,,,,,,,,,,,,,,,,,,,,,,,,21.45684724220288,,,33.100711759466265,,,,,27.885626044738856,,,,,,,,,,,,,,,,,,,,,,,,,,,,,,,,
00:00:07.380000,,,,,,,,,,,,,,,,,,,,,,,,,,,,,,25.290257914808244,,,,,,,,,,,,,,,,,43.39447671964818,,31.71833150156884,,,,,,,,,,,,,,,,,,,,,,,,,,,,
00:00:07.400000,,44.20845760941175,,,,,,,,,,,,,,,,,,,,,,,,,,,,,,,,,,,,,,,,,,,,,,,,,,,,,43.683050985151326,,,,,,,,,,,,23.25484872682145,,,,,,,13.16505061440061,,,
00:00:07.420000,,,,,,,,,,,,,,,,,,,,,,,,,,,,,,,,,,,,,,,,,,,,,,,,,,31.47288102354739,,,,,,,,,,,,,,,,,,,,,,,,,,,
00:00:07.440000,,,,,,,,,,,,,,,,,,24.028404045975808,,,,,,,,,,,,,,,,,,,,,,,,,,,,,,,,,28.5459480362402,,,,,,,,,,,,,,,,,,,,,,39.43951995321157,,,,16.860312577789305
00:00:07.460000,,,,,,,,,,,,,,,,,,,,25.193866254439,,,,,,,,,,,,,,,,,,,,,,,,,,,,,,,,,,,,,,,,,,,,,,,,,,,,,,,,,
00:00:07.480000,,,,,,,,,,,,,,,,,,,,,16.497406716595737,,,,,,,,,,,,31.141882624111137,,,,,,,,,,,,,,,,,,,,,,,,,,,,28.70123967900332,,,30.72908199587377,,,,,,,,,,,,,
00:00:07.500000,38.79313691291572,,,,,,,,,,,,,,,,,,,,,,,27.17476555761949,,,,,,,,,,,,,,,,,,,,,,,,,,,,,,,,,,29.83269814600627,,,,,,,,,,,,,,,,,,,
00:00:07.520000,,,,,,,,,,,,,,,,,,,,,,,,,,,,,,,,,,,,,,25.9398469750666,,,,,,,,,,,,,,,,,,,,,,,,,,,,,,,,,,,,,,,
00:00:07.540000,,,,,,,,,,,,,,,,,,,,,,,,,,,,,,,,,,,,,,,38.54119961502752,,,51.57511813269343,,,,,,,,,,,,,,,,,,,,,,,16.89638972029289,,,,25.91697139438784,,,,,,,,
00:00:07.560000,,,,,,,,,,,,,18.61108851531318,,,,,,,,,,,,,,,,,,,,,,,,,,,,,,51.59024181210189,,,,,,,,,,,,,,,,,,,,,,,,,,,,,,,,,,
00:00:07.580000,,,,,,,,,,,,,,,,,,,,,,,,,,,,,,,,,,,,38.72746282618843,,,,,,,,,,,,,,,,,,,,,,,,,,,,,,,,,,,,,,,17.419893696013908,,
00:00:07.600000,,,,,,,,,,,,,,,,,,,,,,,,,,,,,,,,,,,,,,,,,,,,,,,,,,,,,,,,,,,,,,,,,,,,,,,,,,,,,
00:00:07.620000,,,,,,,,,25.20262237264916,,,,,,,,,,,,,,,,,,,,,,,,,,,,27.99403136464245,,,34.2334716472956,,,,,,,,,,,,,,,,,,,,,,,,,,,,,,,,,,,,,
00:00:07.640000,,,,,,,,,,,,,,,,,,,,,,,,,,,,,19.860909871286825,,,,,,,,,,,,,,,,,,,,,,,,,,,,,,,,,,,,,23.25141746277153,,,,,,,,13.782650404930697,,,
00:00:07.660000,,,,,,,,,,,,,,,,,,,,,,,,,,,,,,,,46.34485697376437,,,,,,,,,,,,,28.06298800687572,,,,,,,,,,,,,,,,,,,,,,,,,,,,,,,,
00:00:07.680000,,,,,,,,,,,,,,,,,,,,,,,,,,,,,,22.760595163385855,,,,,,,,,,,,,,,,75.22666456793061,38.22154767137909,,,,,,,,,,,,,,,,,,,,,,,,,,,,,,
00:00:07.700000,,,,,,,,,,,,,,,43.14276113058917,,,28.87239983941205,,,,,,,,,,,,,,,,,,,,,,,,,,,,,,,,,,,,,,,,,,,,,,,,,,,,,,,,,,,
00:00:07.720000,,,,,,,,,,,,,,,,,,,,,,,,,,,,,,,,,,,,,,,,,,,,,,,,,,,,,,,,,,,,,,,,,,,,,,,,,,,,,
00:00:07.740000,,59.048986254458036,,,,,,,,,,,,,,,,,,,,,,,,,,,,,,,,,,,,,,,,,,,,,,,,,,,,,,,,,,,,,,27.212857036264573,,,19.710878146197068,,,,,17.039049332564552,,,,,
00:00:07.760000,,,,,,,,,,,,,,,,,,,,,,,,,,,,,,,,,21.920346048791966,,,,,,,,,,,,,,,,,31.749375958925995,26.713091702877183,,,,,,,,,,,,,,,,,,,,,,,,,,
00:00:07.780000,,,,,,,,,,,,,,,,,,,,,,,,,,,,,,,,,,,,,,,,,,,,,,,,,,,,,,,,,,26.567383267108564,,,,,,,,,,,,,,,46.58770347782661,,,,
00:00:07.800000,,,,,,,,,,,,,,,,,,,,,,,,,,,,,,,,,,,,,,,,,,,,,,,,,,,,,,,,,,,,,25.911601835768064,,,,20.00746391499868,,,,,,,,,,,,
00:00:07.820000,,,,,,,,,,,,,,,,,,,,,19.43345719581814,,,,,,,,,,,,,,,,,21.803258485668092,,,,31.35006522374737,,,,,,,,,,,,,,,,,,,,,,,,,,,,,,,,,,,21.82610137175725
00:00:07.840000,,,,,,,,,,,,,,,,,,,,,,,,,,,,,,,,,,,,,,,,,,,,,,,,,,,,,,,,,,,,,,,,,,,,,24.127801688599604,,,,,,,,
00:00:07.860000,,,,,,,,,,,,,,,,,,,,27.00701690256079,,,,,,,,,17.22388839523068,,,,,,,,,,28.251364613461682,29.928503650248647,,,58.709519498292856,,,,,,,,,,,,,,,,,,,,,,,,,,,,,,,,,,
00:00:07.880000,,,,,,,,,,,,,,,,,,,,,,,,,,,,,,,,,,,,,26.598113701538352,,,,,,,51.16306901721283,,,,,,,,,,,,,,,,,,,,,,,,,,,,,,,,,
00:00:07.900000,,,,,,,,,,,,,,,,,,,,,,,,,,,,,,,,,,,,,,,,,,,,,,,,,,,,,,,45.19475581367882,,,,,,,,,,,,,,,,,,,,,,
00:00:07.920000,,,,,,,,,,,,,,,,,,,,,,,,,,,,,,,,,,,,,,,,,,,,,,,,,32.36853994995473,,,,,,,,,,,,,,,,,,,,,,,,,,,,
00:00:07.940000,,,,,,,,,,,,,20.335286455891946,,,,,,,,,,,,,,,,,,,,,,,51.087338924623324,,,,,,,,,24.637921627074324,,,,,,,,,,,,,,,,,,,,,,,,,,,,,15.258943792096455,,,
00:00:07.960000,,,,,,,,,,,,,,,,,,,,,,,,,,,,,,,,,,,,,,,,,,,,,,,,,,,,,,,,,,,,,,,,,,,,,,,,,,,,,
00:00:07.980000,,,,,,,,,,,,,,,,,,27.14214453450521,,,,,,,,,,,,24.292445295400906,,,,,,,,,,,,,,,,86.51485255877218,,,,,,,,,,,,,,,,,,,,,,,,,,,,,16.510874858775153,,
00:00:08.000000,,,,,,,,,,,,,,,,,,,,,,,,,,,,,,,,,,,,,,,,,,,,,,,32.53677466558205,,,,,,,,,,,,,,,,,,,,,,,,,,,,,,
00:00:08.020000,,,,,,,,,,,,,,,,,,,,,,,,73.50069299169175,,,,,,,,,,,,,,,,,,,,,,,,,,,,,,,,,,,,,,,,,,,,,,,,,,,,,
00:00:08.040000,,31.201345920086414,,,,,,,,,,,,,,,,,,,,,,,,,,,,,,,25.662695877726666,,,,,,,,,,,,,,,,,,,,,,,,,,,,,,,,,,,,,,,,,,,,
00:00:08.060000,,,,,,,,,,,,,,,47.10055263154618,,,,,15.566684525411672,,,,,,,,,,,,,,,,,,,,,,,,,,,,,,33.473854690681094,,,,,,,,23.612484078950352,,,,,,,24.147440405866483,,,,,,,,,,,,
00:00:08.080000,,,,,,,,,,,,,,,,,,,,,,,,,,,,,,,,,,,,,,,,,,,,,,,,,,,23.46037867814178,,,,,,,,,,,,,,,,,,,,,,,,,,
00:00:08.100000,,,,,,,,,,,,,,,,,,,,,,,,,,,,,,,,,,,,,,,,32.497636583403605,,55.64483371384993,,,,,,,,,,,,,,,,,,,,,,,,,,,,,,,,,,,
00:00:08.120000,,,,,,,,,,,,,,,,,,,,,,,,,,,,,,,,,,,,,,,,,,,,,,,,,,,,,,,,,,,,,,,,,,,,,18.413295559242705,,,,42.99248803026713,,,,
00:00:08.140000,,,,,,,,,,,,,,,,,,,,,21.28749739974173,,,,,,,,,,,42.04042100944754,,,,,29.23504092453033,,,,,,50.11146468179437,,,,,,,,,,,,,,,,,,23.30785249784304,,,,,,,,,,,,,,,,
00:00:08.160000,,,,,,,,,,,,,,,,,,,,,,,,,,,,,,,,,,,,,,,,,,,,13.730679415133496,,,,,,,,,,,,,,,,,,,,,,,,,,,,,,,,,22.63050846244688
00:00:08.180000,,,,,,,,,,,,,,,,,,,,,,,,,,,,,,,,,,,,,,,27.514943903932433,,,,,,,,,,,,,,,,,,,,,,,,,,,,,,,,,14.413144416338014,,,,,
00:00:08.200000,,,,,,,,,,,,,,,,,,,,,,,,,,,,,,,,,,,,,,,,,,,,,,,,,,,,,,,,,,,,,,,,,,,,,,,,,,,,,
00:00:08.220000,,,,,,,,,,,,,,,,,,,,,,,,,,,,,,,,,,,,,,,,,,,,,,,,,,,,,,,,,,,,,,,,,,17.74473241404584,,,,,,,,,,,
00:00:08.240000,,,,,,,,,,,,,,,,,,25.562944053756805,,,,,,48.444281911719436,,,,,,,,,,,,,,,,,,,,,,,,,,,,,,,,,,,,,,,,,,,,,,,,,,,,,
00:00:08.260000,,,,,,,,,,,,,,,,,,,,,,,,,,,,,,,,,,,,33.60739210656133,,,,,,,,,26.944937737401336,,,,,,,,,,,,,,,,,,,,,,,,,,,,,,,,
00:00:08.280000,,,,,,,,,,,,,,,,,,,,,,,,,,,,,,,,,,,,,,,,,,,,,,72.63276433508774,,,,,,,,,,,,,,,,,,,,,,,,,,,,,,,
00:00:08.300000,,,,,,,,,,,,,,,,,,,,,,,,,,,,,,26.471939883701893,,,25.493851641406067,,,,,,,,,,,,,,,,,,,,,,,,,,,,,,,,23.65761277727385,,,,,,,,,19.10035557601384,,,
00:00:08.320000,,,,,,,,,,,,,,,,,,,,,,,,,,,,,,,,,,,,,,,,,,,,,,,,,,,,,,,,,,,,,,,,,,,,,,,,,,,14.12675641941175,,
00:00:08.340000,,,,,,,,,,,,,,,,,,,,,,,,,,,,,,,,,,,,,,,,,,,,,,,,,,,,,,,,,,,,,,,,,,,,,,,,,,,,,
00:00:08.360000,,28.750191496461266,,,,,,,,,,,,,,,,,,,,,,,,,,,,,,,,,,,,,,31.446102404682122,,,,24.627000892506828,,,,,,,,,,,,,,25.93744968465521,,,,,,,,,,,,,,,,,,,
00:00:08.380000,,,,,,,,,,,,,,,45.251633317317065,,,,,,,,,,,,,,,,,,,,,,,,,,,,,,,,25.079756066434413,,,29.153653190214637,,,,,,,,,,,,,,,,,,,,,,,,,,,
00:00:08.400000,,,,,,,,,,,,,,,,,,,,,,,,,,,,,,,,,,,,,,,,,,42.21152248262211,,,,,,,,,23.077299588079914,,,,52.017097697748575,,,,,,,,,,,,,,,,,,,,,,
00:00:08.420000,,,,,,,,,,,,,,,,,,,,,,,,,,,,,,,,,,,,,22.216885969317264,,,,,,,,,,,,,,,,,,,,,,,,,,,,,,,,,,,,,,,,
00:00:08.440000,,,,,,,,,,,,,,,,,,,,,,,,,,,,,,,,,,,,,,,,,,,,,,,,,26.62620459416664,,,,,,,,,,,,,,,,,,,,,,,,,,,,
00:00:08.460000,,,,,,,,,,,,,,,,,,,,,,,,,,,,,,,,,,,,,,,,,,,,,,,,,,,,,,,,,,,,,,,,20.086134887157165,,,,,,,,,,,,,
00:00:08.480000,,,,,,,,,,,,,,,,,,,,,25.837980472762762,,,,,,,,,,,,,,,,,24.277279662272235,,,,,,,,,,,,,,,,,,,,,,,31.307120337782177,,,,,,,,,,,,52.343967889559934,,,,
00:00:08.500000,,,,,,,,,,,,,,,,,,,,,,,,30.96525111304173,,,,,,,,,,,,,,,,,,,,,,,,,,,,,,,,,,,,,,,,,,,,,,,,,,,,,19.29852196032669
00:00:08.520000,,,,,,,,,,,,,,,,,,23.77213972144243,,,,,,,,,,,,,,,,,,,,,,,,,,,,,,,,,,,,,,,,,,,,,,,,,,,,,,,,,,,
00:00:08.540000,,,,,,,,,,,,,,,,,,,,,,,,,,,,,,,,,,,,,,,,,,,,,,,,,,,,,,,,,,,,,,,,,,,,,,,,,,,,,
00:00:08.560000,,,44.97319299959834,,,,,,,,,,,,,,,,,,,,,,,,,,19.84160609717725,,,,,,,,,,,,,,,,,,,,,,,,,,,,,,,,,,,,,,,,19.690659145999568,,,,,,,,
00:00:08.580000,,,,,,,,,,,,,,,,,,,,,,,,,,,,,,23.83779322359758,,37.79891847621485,,,,,,,,,,,,,,,,,,,,,,,,,,,,,,,,,22.990947656178555,,,,,,,,,,,,
00:00:08.600000,,,,,,,,,,,,,,,,,,,,,,,,,,,,,,,,,,,,30.00004748917558,,,,,,,,,25.212597574103818,82.24980678318477,,,,,,,,,,,,,,,,,,,,,,,,,,,,,,,
00:00:08.620000,,,,,,,,,,,,,,,,,,,,,,,,,,,,,,,,,,,,,,,,27.791768983718853,,,,,,,,,,,,,,,,,,,,,,,,,,,,,,,,,,,,,
00:00:08.640000,,,,,,,,,,,,,,,,,,,,,,,,,,,,,,,,,,,,,,,,,,,,,,,,,,,,,,,,,,,,,,,,,,,,,,,,,,,,,
00:00:08.660000,,22.94385137258396,,,,,,,,,,,,,,,,,,,,,,,,,,,,,,,,,,,22.9229239782988,,,,,94.60270114804659,,,,,,,,,,,,,,,,,,,,,,,,,,,,,,,,,,,
00:00:08.680000,,,,,,,,,,,,,,,,,,,,,,,,,,,,,,,,,,,,,,,,,,,,,,,,,,,,,,,,,,,,,,,,,,,,,,,,,,,,,
00:00:08.700000,,,,,,,,,,,,,,,,,,,,,,,,,,,,,,,,,,,,,,,,,,,,,,,,,,,18.479280828671023,,,,,,,,,,,,,,,,,,,,,,,,13.206945885095033,,
00:00:08.720000,,,,,,,,,,,,,,,41.43385101707228,,,,,,,,,,,,,,,,,,,,,,,,,,,,,,,,,,,29.910120235318928,,,,,,,,,,,,,,,,,,,,,,,,,,,
00:00:08.740000,,,,,,,,,,,,,,,,,,,,,,,,,,,,,,,,,,,,,,,,,,,,,,,,,,,,,,,,,,,,,,,,,,,,,,,,,,,,,
00:00:08.760000,,,,,,,,,,,,,,,,,,,,,,,,,,,,,,,,,,,,,,,,,,,,,,,,,,,,,,,,,,,,,,,,,,,,,,,,,,,,,
00:00:08.780000,,,,,,,,,,,,,,,,,,,,,,,,,,,,,,,,,,,,,,,,,,,,,,,,,,,,,,,,,,,,32.65159726439849,,,,,,,,,,,,,,,,,
00:00:08.800000,,,,,,,,,,,,,,,,,,,,,,,,,,,,,,,,,,,,,,,,,,,,30.06904085060237,,,,,,,,,,,,,,,,,,,,,,,,,,,,,,,,,
00:00:08.820000,,,,,,,,,,,,,,,,,,24.73066168530294,,,14.804698775806274,,,,,,,,,,,,,,,,,24.246419738663988,,,,,,,,,,,,,,,,,,,,,,,,,,,,,,,,,,,52.763780945548774,,,,
00:00:08.840000,,,,,,,,,,,,,,,,,,,,,,,,,,,,,,,,,,,,,,,,,,,,,,,,,,,,,,,,,,,,,27.9550909971335,,,,,,,,,,,,,,,,
00:00:08.860000,,,,,,,,,,,,,,,,,,,,,,,,,,,,,,,,,,,,,,,,27.242542097876548,,,,,,,,,,,,,,,,,,,,,,,,,17.470351120672277,,,,,,,,,,,,
00:00:08.880000,,,,,,,,,,,,,,,,,,,,,,,,,,,,,,,,,,,,,,,,,,,,,,,,,,,,,,,,,,,,,,,,,,,,,,,,,,,,,
00:00:08.900000,,,,,,,,,,,,,,,,,,,,,,,,,,,,,,,,,,,,,,,,,,,,,,,,,,,,,,,,,,,,,,,,,,,,,,,,,,,,,
00:00:08.920000,,,,,,,,,,,,,,,,,,,,,,,,,,,,,,,,,,,,,19.397342571274713,,,,,43.12193730904925,,,,72.35918647627413,,,,,,,,,,,,,,,,,,,,,,,,,,,,,,,
00:00:08.940000,,,,,,,,,,,,,,,,,,,,,,,,,,,,,,22.535705493496426,,,21.995989348686447,,,45.14424297178178,,,,,,,,,27.11271623129777,,,,,,,,,,,,,,,,,,,,,,,25.331550012598786,,,,,,,,,
00:00:08.960000,,24.34084365333916,,,,,,,,,,,,,,,,,,,,,,,,,,,,,,,,,,,,,,,,,,,,,,,,,,,,,,,,,,,,,,,,,,,,,,35.07673127102809,,,,,
00:00:08.980000,,,,,,,,,,,,,,,,,,,,,,,,,,,,,,,,,,,,,,,,,,,,,,,,,,,,,,,,,,,,,,,,,,,,,22.939673596566948,,,,,,,,
00:00:09.000000,,,,,,,,,,,,,,,,,,,,,,,,,,,,,,,,,,,,,,,,,,,,,,,,,38.77097221401237,,,,,,,,,,,,,,,,,,,,,,,,,,,,
00:00:09.020000,,,,,,,,,,,,,,,,,,,,,,,,,,,,,,,,,,,,,,,,,,,,,,,,,,,,,,,,,,,,,,,,,,,,,,,,,,,,,
00:00:09.040000,,,,,,,,,,,,,,,,,,,,,,,,,,,,,,,,,,,,,,,,,,,,,,,,,,,,,,,,,,,,,,,,,,,,,,,,,,,,,
00:00:09.060000,,,,,,,,,,,,,,,42.35447865948026,,,,,,,,,,,,,,,,,,,,,,,,,,,,,,,,,,,34.48013731259493,,,,,,,,,,,,,,,,,,,,,,,,,,,
00:00:09.080000,,,,,,,,,,,,,,,,,,27.50210939763389,,,,,,,,,,,,,,43.98353615884128,,,,,,,,,,,,,,,,,,,,,,,,,,,,,,,,,,,,,,,,,,,,,
00:00:09.100000,,,,,,,,,,,,,,,,,,,,,,,,,,,,,,,,,,,,,,,,,,,,,,,,,,,,,,,,,,,,,,,,,,,,,,,,,,,,,
00:00:09.120000,,,,,,,,,,,,,,,,,,,,,,,,,,,,,,,,,,,,,,,,31.41859560015783,,,,,,,,,,,,,,,,,,,,,,,,,,,,,,,,,,,,,
00:00:09.140000,,,,,,,,,,,,,,,,,,,,,15.659788133000436,,,,,,,,,,,,,,,,,,,,,,,,,,,,,,,,,,,,,,,,,,,,19.852972841698925,,,,,,,,43.08492138567186,,,,
00:00:09.160000,,,,,,,,,,,,,,,,,,,,,,,,,,,,,,,,,,,,,,,,,,,,,,,,,,,,,,,,,,,,,,,,,,,,,,,,,,,,,
00:00:09.180000,,,,,,,,,,,,,,,,,,,,,,,,,,,,,,,,,,,,,,,,,,,,39.23159493182907,,,,,,,,,,,,,,,,,,,,,,,,,,,,,,,,,
00:00:09.200000,,,,,,,,,,,,,,,,,,,,,,,,,,,,,,,,,,,,,,,,,,34.86043169864889,,,,,,,,,,,,,,,,,,28.541364920893468,,,,,,,,,,,,,,,,,
00:00:09.220000,,,,,,,,,,,,,,,,,,,,,,,,,,,,,,,,,,,,,,,,,,,,,,,,,,,,,,,,,,,,,,,,,,,,,,,,,,,,,
00:00:09.240000,,,,,,,,,,,,,,,,,,,,,,,,,,,,,,18.976487996270343,,,,,,,,,,,,,,,25.203415554728192,,,,,,,,,,,,,,,,,,,,,,,,,,,,,,,,
00:00:09.260000,,,,,,,,,,,,,,,,,,,,,,,,,,,,,,,,,,,,47.488088397531136,,,,,,,,,,,,,,,,,,,,,,,,,,,,,,,,,26.188575270969423,,,,,,,,
00:00:09.280000,,,,,,,,,,,,,,,,,,,,,,,,,,,,,,,,,,,,,,,,,,,,,,,,,,,,,,,,,,,,,,,,,,,,,,,,,,,,,
00:00:09.300000,,,,,,,,,,,,,,,,,,,,,,,,,,,,,,,,,,,,,,,,,,,,,,,,,18.097262322811766,,,,,,,,,,,,,,,,,,,,,,,,,,,,
00:00:09.320000,,,,,,,,,,,,,,,,,,,,,,,,,,,,,,,,,,,,,,,,,,,,,,,,,,,,,,,,,,,,,,,,,,,,,,,,,,,,,
00:00:09.340000,,,,,,,,,,,,,,,,,,,,,,,,,,,,,,,,,,,,,,,,,,,,,,,,,,,,,,,,,,,,,,,,,,,,,,,,,,,,,
00:00:09.360000,,,,,,,,,,,,,,,,,,,,,,,,,,,,,,,,,,,,,,,,,,,,,,,,,,31.08389041474552,,,,,,,,,,,,,,,,,,,,,,,,,,,
00:00:09.380000,,,,,,,,,,,,,,,42.837623570014344,,,,,,,,,,,,,,,,,,,,,,,,,,,,,,,,,,,,,,,,,,,,,,,,,,,,,,,,,,,,,,
00:00:09.400000,,,,,,,,,,,,,,,,,,,,,,,,,,,,,,,,,,,,,,,,22.949535313028086,,,,,,,,,,,,,,,,,,,,,,,,,15.33884557290282,,,,,,,,,,,,
00:00:09.420000,,,,,,,,,,,,,,,,,,,,,,,,,,,,,,,,,,,,,,,,,,,,,,,,,,,,,,,,,,,,,,,,,,,,,,,,,,,,,
00:00:09.440000,,,,,,,181.55627637531987,,,,,,,,,,,,,,,,,,,,,,,,,,,,,,,,,,,,,,,,,,,,,,,,,,,,,35.88703542100718,,,,,,,,,,,,,,,,,
00:00:09.460000,,,,,,,,,,,,,,,,,,,,,,,,,,,,,,,,,,,,,,,,,,,,,24.694838672634138,,,,,,,,,,,,,,,,,,,,,,,,,,,,,,,,
00:00:09.480000,,,,,,,,,,,,,,,,,,,,,,,,,,,,,,,,,,,,,,,,,,48.566898261107646,,,,,,,,,,,,,,,,,,,,,,,,,,,,,,,,,,,
00:00:09.500000,,,,,,,,,,,,,,,,,,,,,,,,,,,,,,,,,,,,,,,,,,,,,,,,,,,,,,,,,,,,,,,,,,,,,,,,,47.951755636109674,,,,
00:00:09.520000,,,,,,,,,,,,,,,,,,,,,,,,,,,,,,24.427659619277076,,,,,,,,,,,,,,,,,,,,,,,,,,,,,,,,,,,,,,,26.22227533631969,,,,,,,,
00:00:09.540000,,,29.63344482590493,,,,,,,,,,,,,,,,,,,,,,,,,,,,,40.82808800404731,,,,,,,,,,,,,,,,,,,,,,,,,,,,,,,,,,,,,,,,16.261997273134927,,,,,
00:00:09.560000,,,,,,,,,,,,,,,,,,,,,,,,,,,,,,,,,,,,43.81447000695623,,,,,,,,46.807636352021895,,,,,,,,,,,,,,,,,,,,,,,,,,,,,,,,,
00:00:09.580000,,,,,,,,,,,,,,,,,,,,,,,,,,,,,,,,,,,,,,,,,,,,,,,,,44.79735073073572,,,,,,,,,,,,,,,,,,,,,,,,,,,,
00:00:09.600000,,,,,,,,,,,,,,,,,,,,,,,,,,,,,,,,,,,,,,,,,,,,,,,,,,,,,,,,,,,,,,,,,,,,,,,,,,,,,
00:00:09.620000,,,,,,,,,,,,,,,,,,,,,,,,,,,,,,,,,,,,,,,,,,,,,,,,,,,,,,,,,,,,,,,,,,,,,,,,,,,,,
00:00:09.640000,,,,,,,,,,,,,,,,,,24.035168659949232,,,,,,,,,,,,,,,,,,,,,,,,,,,,,,,,,,,,,,,,,,,,,,,,,,,,,,,,,,,
00:00:09.660000,,,,,,,,,,,,,,,,,,,,,,,,,,,,,,,,,,,,,,,,,,,,,,,,,,,,,,,,,,,,,,,,,,,,,,,,,,,,,
00:00:09.680000,,,,,,,,,,,,,,,42.72075805033379,,,,,,,,,,,,,,,,,,,,,,,,,,,,,,,,,,,,,,,,,,,,,,,,,,20.541165649714547,,,,,,,,,,,,
00:00:09.700000,,,,,,,,,,,,,,,,,,,,,,,,,,,,,,,,,,,,,,,,,,,,,,,,,,28.838287199785523,,,,,,,,,,,,,,,,,,,,,,,,,,,
00:00:09.720000,,,,,,,,,,,,,,,,,,,,,,,,,,,,,,,,,,,,,,,,,,,,,,,,,,,,,,,,,,,,42.177563365697395,,,,,,,,,,,,,,,,,
00:00:09.740000,,,,,,,,,,,,,,,,,,,,,,,,,,,,,,,,,,,,,,,,,,,,,,,,,,,,,,,,,,,,,,,,,,,,,,,,,,,,,
00:00:09.760000,,,,,,,,,,,,,,,,,,,,,,,,,,,,,,,,,,,,,,,,,,37.57363978337817,,,,,,,,,,,,,,,,,,,,,,,,,,,,,,,,,,,
00:00:09.780000,,,,,,,,,,,,,,,,,,,,,,,,,,,,,,20.102536078430933,,,,,,,,,,,,,,,,,,,,,,,,,,,,,,,,,,,,,,,,,,,,,,,
00:00:09.800000,,,,,,,,,,,,,,,,,,,,,,,,,,,,,,,,,,,,,,,,,,,,,,,,,,,,,,,,,,,,,,,,,,,,,,,,,,,,,
00:00:09.820000,,,,,,,,,,,,,,,,,,,,,,,,,,,,,,,,,,,,,,,,,,,,,,,,,,,,,,,,,,,,,,,,,,,,,,,,,,,,,
00:00:09.840000,,,,,,,,,,,,,,,,,,,,,,,,,,,,,,,,,,,,,,,,,,,,,22.992072721988965,,,,,,,,,,,,,,,,,,,,,,,,,,,,41.68429653891381,,,,
00:00:09.860000,,,,,,,,,,,,,,,,,,,,,,,,,,,,,,,,,,,,,,,,,,,,,,,,,,,,,,,,,,,,,,,,,,,,,,,,,,,,,
00:00:09.880000,,,,,,,,,,,,,,,,,,,,,,,,,,,,,,,,,,,,,,,,,,,,,,,,,,,,,,,,,,,,,,,,,,,,,,,,,,,,,
00:00:09.900000,,,,,,,,,,,,,,,,,,,,,,,,,,,,,,,,,,,,,,,,,,,,,,,,,,,,,,,,,,,,,,,,,,,,,27.900754330398602,,,,,,,,
00:00:09.920000,,,,,,,,,,,,,,,,,,32.95272710889516,,,,,,,,,,,,,,,,,,,,,,,,,,,,,,,,,,,,,,,,,,,,,,,,,,,,,,,,,,,
00:00:09.940000,,,,,,,,,,,,,,,,,,,,,,,,,,,,,,,,,36.72526530168396,,,,,,,,,,,,,,,,,,,,,,,,,,,,,,,,,,,,,,,,,,,,
00:00:09.960000,,,,,,,,,,,,,,,,,,,,,,,,,,,,,,,,,,,,,,,,,,,,42.15253729351119,,,,,,,,,,,,,,,,,,,,,,,,,,,,,,,,,
00:00:09.980000,,,,,,,,,,,,,,,,,,,,,,,,,,,,,,,,,,,,,,,,,,,,,,,,,,,,,,,,,,,,,,,,,,,,,,,,,,,,,
00:00:10.000000,,,,,,,,,,,,,,,,,,,,,,,,,,,,,,,,,,,,,,,,,,,,,,,,,,,,,,,,,,,,,,,,,,,,,,,,,,,,,
00:00:10.020000,,,,,,,,,,,,,,,,,,,,,,,,,,,,,,,,,,,,,,,,,,45.54257427233168,,,,,,,,,,,,,,,,,,,,,,,,,,,,,,,,,,,
00:00:10.040000,,,,,,,,,,,,,,,,,,,,,,,,,,,,,,,,,,,,,,,,,,,,,,,,,,21.79575941701554,,,,,,,,,,,,,,,,,,,,,,,,,,,
00:00:10.060000,,,,,,,,,,,,,,,,,,,,,,,,,,,,,,,,,,,,,,,,,,,,,,,,,,,,,,,,,,,,,,,,,,,,,,,,,,,,,
00:00:10.080000,,,,,,,,,,,,,,,,,,,,,,,,,,,,,,,,,,,,,,,,,,,,,,,,,,,,,,,,,,,,,,,,,,,,,,,,,,,,,
00:00:10.100000,,,,,,,,,,,,,,,,,,,,,,,,,,,,,,,,,,,,,,,,,,,,,,,,,,,,,,,,,,,,,,,,,,,,,,,,,,,,,
00:00:10.120000,,,,,,,,,,,,,,,,,,,,,,,,,,,,,,,,,,,,,,,,,,,,,23.84360708578057,,,,,,,,,,,,,,,,,,,,,,,,,,,,,,,,
00:00:10.140000,,,39.823364380243504,,,,,,,,,,,,,,,,,,,,,,,,,,,,,,,,,,,,,,,,,,,,,,,,,,,,,,,,,,,,,,,,,,,,,,,,,,
00:00:10.160000,,,,,,,,,,,,,,,,,,,,,,,,,,,,,,,,,,,,,,,,,,,,,,,,,,,,,,,,,,,,,,,,,,,,,,,,,,,,,
00:00:10.180000,,,,,,,,,,,,,,,,,,,,,,,,,,,,,,,,,,,,,,,,,,,,,,,,,,,,,,,,,,,,,,,,,,,,,,,,,,,,,
00:00:10.200000,,,,,,,,,,16.851060999804726,,,,,,,,,,,,,,,,,,,,,,,,,,,,,,,,,,,,,,,,,,,,,,,,,,,,,,,,,,,,,,,,,,,
00:00:10.220000,,,,,,,,,,,,,,,,,,,,,,,,,,,,,,,,,,,,,,,,,,,,,,,,,,,,,,,,,,,,43.43668905462737,,,,,,,,,,,,,,,,,
00:00:10.240000,,,,,,,,,,,,,,,,,,,,,,,,,,,,,,,,,,,,,,,,,,,,,,,,,,,,,,,,,,,,,,,,,,,,,,,,,,,,,
00:00:10.260000,,,,,,,,,,,,,,,,,,,,,,,,,,,,,,,,,,,,,,,,,,,,,,,,,,,,,,,,,,,,,,,,,,,,,,,,,,,,,
00:00:10.280000,,,,,,,,,,,,,,,,,,,,,,,,,,,,,,,,,,,,,,,,,,,,,,,,,,,,,,,,,,,,,,,,,,,,,,,,,,,,,
00:00:10.300000,,,,,,,,,,,,,,,,,,,,,,,,,,,,,,,,,,,,,,,,,,30.11306612352173,,,,,,,,,,,,,,,,,,,,,,,,,,,,,,,,,,,
00:00:10.320000,,,,,,,,,,,,,,,,,,,,,,,,,,,,,,,,,,,,,,,,,,,,,,,,,,,,,,,,,,,,,,,,,,,,,,,,,,,,,
00:00:10.340000,,,81.24946439027491,,,,,,,,,,,,,,,,,,,,,,,,,,,,,,,,,,,,,,,,,,,,,,,,,,,,,,,,,,,,,,,,,,,,,,,,,,
00:00:10.360000,,,,,,,,,,,,,,,,,,,,,,,,,,,,,,,,,,,,,,,,,,,,,,,,,,,,,,,,,,,,,,,,,,,,,,,,,,,,,
00:00:10.380000,,,,,,,,,,,,,,,,,,,,,,,,,,,,,,,,,,,,,,,,,,,,,,,,,,,,,,,,,,,,,,,,,,,,,,,,,,,,,
00:00:10.400000,,,,,,,,,,,,,,,,,,,,,,,,28.362040525161227,,,,,,,,,,,,,,,,,,,,,,,,,,,,,,,,,,,,,,,,,,,,,,,,,,,,,
00:00:10.420000,,,,,,,,,,,,,,,,,,,,,,,,,,,,,,,,,,,,,,,,,,,,,24.65616737628605,,,,,,,,,,,,,,,,,,,,,,,,,,,,,,,,
00:00:10.440000,,,,,,,,,,,,,,,,,,,,,,,,,,,,27.823944980270905,,,,,,,,,,,,,,,,,,,,,,,,,,,,,,,,,,,,,,,,,,,,,,,,,
00:00:10.460000,,,,,,,,,,,,,,,,,,,,,,,,,,,,,,,,,,,,,,,,,,,,,,,,,,,,,,,,,,,,,,,,,,,,,,,,,,,,,
00:00:10.480000,,,,,,,,,,,,,,,,,,,,,,,,,,,,,,,,,,,,,,,,,,,,,,,,,,,,,,,,,,,,,,,,,,,,,,,,,,,,,
00:00:10.500000,,,,,,,,,,,,,,,,,,,,,,,,,,,,,,,,,,,,,,,,,,,,,,,,,,,,,,,,,,,,,,,,,,,,,,,,,,,,,
00:00:10.520000,,,,,,,,,,,,,,,,,,,,,,,,,,,,,,,,,,,,,,,,,,,,,,,,,,,,,,,,,,,,,,,,,,,,,,,,,,,,,
00:00:10.540000,,,,,,,,,,,,,,,,,,,,,,,,,,,,,,,,,,,,,,,,,,,,,,,,,,,,,,,,,,,,,,,,,,,,,,,,,,,,,
00:00:10.560000,,,,,,,,,,,,,,,,,,,,,,,,,,,,,,,,,,,,,,,,,,,,,,,,,,,,,,,,,,,,,,,,,,,,,,,,,,,,,
00:00:10.580000,,,,,,,81.91728474829449,,,,,,,,,,,,,,,,,,,,,,,,,,,,,,,,,,,,,,,,,,,,,,,,,,,,,,,,,,,,,,,,,,,,,,
00:00:10.600000,,,,,,,,,,,,,,,,,,,,,,,,,,,,,,,,,,,,,,,,,,,,,,,,,,,,,,,,,,,,,,,,,,,,,,,,,,,,,
00:00:10.620000,,,,,,,,,,,,,,,,,,,,,,,,,,,,,,,,,,,,,,,,,,,,,,,,,,,,,,,,,,,,,,,,,,,,,,,,,,,,,
00:00:10.640000,,,,,,,,,,,,,,,,,,,,,,,,43.412961025940724,,,,32.225668090137816,,,,,,,,,,,,,,,,,,,,,,,,,,,,,,,,,,,,,,,20.456812358896688,,,,,,,,,,
00:00:10.660000,,,28.07978248956393,,,,,,,,,,,,,,,,,,,,,,,,,,,,,,,,,,,,,,,,,,,,,,,,,,,,,,,,,,,,,,,,,,,,,,,,,,
00:00:10.680000,,,,,,,,,,,,,,,,,,,,,,,,,,,,,,,,,,,,,,,,,,,,,,,,,,,,,,,,,,,,,,,,,,,,,,,,,,,,,
00:00:10.700000,,,,,,,,,,,,,,,,,,,,,,,,,,,,,,,,,,,,,,,,,,,,,,,,,,,,,,,,,,,,,,,,,,,,,,,,,,,,,
00:00:10.720000,,,,,,,,,,,,,,,,,,,,,,,,,,,,,,,,,,,,,,,,,,,,,19.43132088550133,,,,,,,,,,,,,,,,,,,,,,,,,,,,,,,,
00:00:10.740000,,,,,,,,,,,,,,,,,,,,,,,,,,,,,,,,,,,,,,,,,,,,,,,,,,,,,,,,,,,,,,,,,,,,,,,,,,,,,
00:00:10.760000,,,,,,,,,,,,,,,,,,,,,,,,,,,,,,,,,,,,,,,,,,,,,,,,,,,,,,,,,,,,,,,,,,,,,,,,,,,,,
00:00:10.780000,,,,,,,,,,,,,,,,,,,,,,,,,,,,,,,,,,,,,,,,,,,,,,,,,,,,,,,,,,,,,,,,,,,,,,,,,,,,,
00:00:10.800000,,,,,,,,,,,,,,,,,,,,,,,,,,,,,,,,,,,,,,,,,,,,,,,,,,,,,,,,,,,,,,,,,,,,,,,,,,,,,
00:00:10.820000,,,,,,,156.35363811971936,,,,,,,,,,,,,,,,,,,,,,,,,,,,,,,,,,,,,,,,,,,,,,,,,,,,,,,,,,,,,,,,,,,,,,
00:00:10.840000,,,,,,,,,,,,,,,,,,,,,,,,,,,,,,,,,,,,,,,,,,,,,,,,,,,,,,,,,,,,,,,,,,,,,,,,,,,,,
00:00:10.860000,,,,,,,,,,,,,,,,,,,,,,,,,,,,,,,,,,,,,,,,,,,,,,,,,,,,,,,,,,,,,,,,,,,,,,,,,,,,,
00:00:10.880000,,,29.612119879252862,,,,,,,,,,,,,,,,,,,,,,,,,,,,,,,,,,,,,,,,,,,,,,,,,,,,,,,,,,,,,,,,,,,,,,,,,,
00:00:10.900000,,,,,,,,,,,,,,,,,,,,,,,,,,,,,,,,,,,,,,,,,,,,,,,,,,,,,,,,,,,,,,,,,,,,,,,,,,,,,
00:00:10.920000,,,,,,,,,,,,,,,,,,,,,,,,,,,,,,,,,,,,,,,,,,,,,,,,,,,,,,,,,,,,,,,,,,,,,,,,,,,,,
00:00:10.940000,,,,,,,,,,,,,,,,,,,,,,,,,,,,,,,,,,,,,,,,,,,,,,,,,,,,,,,,,,,,,,,,,,,,,,,,,,,,,
00:00:10.960000,,,,,,,,,,,,,,,,,,,,,,,,,,,,,,,,,,,,,,,,,,,,,,,,,,,,,,,,,,,,,,,,,,,,,,,,,,,,,
00:00:10.980000,,,,,,,,,,,,,,,,,,,,,,,,,,,,,,,,,,,,,,,,,,,,,,,,,,,,,,,,,,,,,,,,,,,,,,,,,,,,,
00:00:11.000000,,,,,,,,,,,,,,,,,,,,,,,,,,,,,,,,,,,,,,,,,,,,,,,,,,,,,,,,,,,,,,,,,,,,,,,,,,,,,
00:00:11.020000,,,,,,,,,,,,,,,,,,,,,,,,,,,,,,,,,,,,,,,,,,,,,,,,,,,,,,,,,,,,,,,,,,,,,,,,,,,,,
00:00:11.040000,,,,,,,,,,,,,,,,,,,,,,,,,,,,,,,,,,,,,,,,,,,,,,,,,,,,,,,,,,,,,,,,,,,,,,,,,,,,,
00:00:11.060000,,,,,,,,,,,,,,,,,,,,,,,,,,,,,,,,,,,,,,,,,,,,,,,,,,,,,,,,,,,,,,,,,,,,,,,,,,,,,
00:00:11.080000,,,,,,,,,,,,,,,,,,,,,,,,,,,,,,,,,,,,,,,,,,,,,,,,,,,,,,,,,,,,,,,,,,,,,,,,,,,,,
00:00:11.100000,,,,,,,,,,,,,,,,,,,,,,,,,,,,,,,,,,,,,,,,,,,,,,,,,,,,,,,,,,,,,,,,,,,,,,,,,,,,,
00:00:11.120000,,,60.743004435489254,,,,,,,,,,,,,,,,,,,,,,,,,,,,,,,,,,,,,,,,,,,,,,,,,,,,,,,,,,,,,,,,,,,,,,,,,,
00:00:11.140000,,,,,,,,,,,,,,,,,,,,,,,,,,,,,,,,,,,,,,,,,,,,,,,,,,,,,,,,,,,,,,,,,,,,,,,,,,,,,
00:00:11.160000,,,,,,,,,,,,,,,,,,,,,,,,,,,,,,,,,,,,,,,,,,,,,,,,,,,,,,,,,,,,,,,,,,,,,,,,,,,,,
00:00:11.180000,,,,,,,,,,,,,,,,,,,,,,,,,,,,,,,,,,,,,,,,,,,,,,,,,,,,,,,,,,,,,,,,,,,,,,,,,,,,,
00:00:11.200000,,,,,,,,,,,,,,,,,,,,,,,,,,,,,,,,,,,,,,,,,,,,,,,,,,,,,,,,,,,,,,,,,,,,,,,,,,,,,
00:00:11.220000,,,,,,,,,,,,,,,,,,,,,,,,,,,,,,,,,,,,,,,,,,,,,,,,,,,,,,,,,,,,,,,,,,,,,,,,,,,,,
00:00:11.240000,,,,,,,,,,,,,,,,,,,,,,,,,,,,,,,,,,,,,,,,,,,,,,,,,,,,,,,,,,,,,,,,,,,,,,,,,,,,,
00:00:11.260000,,,,,,,,,,,,,,,,,,,,,,,,,,,,,,,,,,,,,,,,,,,,,,,,,,,,,,,,,,,,,,,,,,,,,,,,,,,,,
00:00:11.280000,,,,,,,,,,,,,,,,,,,,,,,,,,,,,,,,,,,,,,,,,,,,,,,,,,,,,,,,,,,,,,,,,,,,,,,,,,,,,
00:00:11.300000,,,,,,,,,,,,,,,,,,,,,,,,,,,,,,,,,,,,,,,,,,,,,,,,,,,,,,,,,,,,,,,,,,,,,,,,,,,,,
00:00:11.320000,,,,,,,,,,,,,,,,,,,,,,,,,,,,,,,,,,,,,,,,,,,,,,,,,,,,,,,,,,,,,,,,,,,,,,,,,,,,,
00:00:11.340000,,,,,,,,,,,,,,,,,,,,,,,,,,,,,,,,,,,,,,,,,,,,,,,,,,,,,,,,,,,,,,,,,,,,,,,,,,,,,
00:00:11.360000,,,,,,,,,,,,,,,,,,,,,,,,,,,,,,,,,,,,,,,,,,,,,,,,,,,,,,,,,,,,,,,,,,,,,,,,,,,,,
00:00:11.380000,,,,,,,,,,,,,,,,,,,,,,,,,,,,,,,,,,,,,,,,,,,,,,,,,,,,,,,,,,,,,,,,,,,,,,,,,,,,,
00:00:11.400000,,,,,,,,,,,,,,,,,,,,,,,,,,,,,,,,,,,,,,,,,,,,,,,,,,,,,,,,,,,,,,,,,,,,,,,,,,,,,
00:00:11.420000,,,,,,,,,,,,,,,,,,,,,,,,,,,,,,,,,,,,,,,,,,,,,,,,,,,,,,,,,,,,,,,,,,,,,,,,,,,,,
00:00:11.440000,,,,,,,,,,,,,,,,,,,,,,,,,,,,,,,,,,,,,,,,,,,,,,,,,,,,,,,,,,,,,,,,,,,,,,,,,,,,,
00:00:11.460000,,,,,,,,,,,,,,,,,,,,,,,,,,,,,,,,,,,,,,,,,,,,,,,,,,,,,,,,,,,,,,,,,,,,,,,,,,,,,
00:00:11.480000,,,,,,,,,,,,,,,,,,,,,,,,,,,,,,,,,,,,,,,,,,,,,,,,,,,,,,,,,,,,,,,,,,,,,,,,,,,,,
00:00:11.500000,,,,,,,,,,,,,,,,,,,,,,,,,,,,,,,,,,,,,,,,,,,,,,,,,,,,,,,,,,,,,,,,,,,,,,,,,,,,,
00:00:11.520000,,,,,,,,,,,,,,,,,,,,,,,,,,,,,,,,,,,,,,,,,,,,,,,,,,,,,,,,,,,,,,,,,,,,,,,,,,,,,
