index,ADQ001,ADQ002,ADQ003,ADQ004,ADQ005,ADQ006,ADQ007,ADQ008,ADQ009,ADQ010,ADQ011,ADQ012,ADQ013,ADQ014,ADQ015,ADQ016,ADQ017,ADQ018,ADQ019,ADQ020,ADQ021,ADQ022,ADQ023,ADQ024,ADQ025,ADQ026,ADQ027,ADQ028,ADQ029,ADQ030,ADQ031,ADQ032,ADQ033,ADQ034,ADQ035,ADQ036,ADQ037,ADQ038,ADQ039,ADQ040,ADQ041,ADQ042,ADQ043,ADQ044,ADQ045,ADQ046,ADQ047,ADQ048,ADQ049,ADQ050,ADQ051,ADQ052,ADQ053,ADQ054,ADQ055,ADQ056,ADQ057,ADQ058,ADQ059,ADQ060,ADQ061,ADQ062,ADQ063,ADQ064,ADQ065,ADQ066,ADR067,ADR068,ADR069,ADR070,ADR071,AEQ077,AEQ078,AEQ079,AEQ080,AEQ081,AEQ082,AEQ083,AEQ084,AEQ085,AEQ086,AEQ087,AEQ088,AEQ089,AER090
2021-10-26 18:21:27.699999997,,,,,,,,,,,,,,,,,,,,,,,,,,,,,,,,,,,,,,,,,,,,,,,,,,,,,,,,,,,,,,,,,,,,,,,,,,,,,,,,,,,,,
2021-10-26 18:21:27.719999997,,,,,,,,,,,,,,,,,,,,,,,,,,,,,,,,,,,,,,,,,,,,,,,,,,,,,,,,,,,,,,,,,,,,,,,,,,,,,,,,,,,,,
2021-10-26 18:21:27.739999997,,,,,,,,,,,,,,,,,,,,,,,,,,,,,,,,,,,,,,,,,,,,,,,,,,,,,,,,,,,,,,,,,,,,,,,,,,,,,,,,,,,,,
2021-10-26 18:21:27.759999997,,,,,,,,,,,,,,,,,,,,,,,,,,,,,,,,,,,,,,,,,,,,,,,,,,,,,,,,,,,,,,,,,,,,,,,,,,,,,,,,,,,,,
2021-10-26 18:21:27.779999997,,,,,,,,,,,,,,,,0.9083769520374748,,,,0.2114144579305867,,,,,,,,,,,,,,,,,,,,,,,,,,,,,,,,,,,,,,0.5323558817295065,,,,,,,,,,,,,,,,,,,,,,,,,,,
2021-10-26 18:21:27.799999997,,,,,,,,,,,,,,,,,,,,,,,,,,,,,,,,2.0021436419145404,,,,,,,,,,,,,,,,,,,,,,,,,,,,,,,,,,,,,,,,,,,,,,,,,,,,,
2021-10-26 18:21:27.819999997,,,,,,,,,,,,,,,,,,,,,,,,,,,,,,,,,,,,,,,,,,,,,,,,,,,,,,,,,,,,,,,,,,,,,,,,,,,,,,,,,,,,,
2021-10-26 18:21:27.839999997,,,,,,,,,,,,,,,,,,,,,,,,,,,,,,,,,,,,,,,,,,,,,,,,,,,,,,,,,,,,,,,,,,,,,,,,,,,,,,,,,,,,,
2021-10-26 18:21:27.859999997,,,,,,,,,,,,,,,,,,,,,,,,,,,,,,,,,,,,,,,,,,,,,,,,,,,,,,,,,,,,,,,,,,,,,,,,,,,,,,,,,,,,,
2021-10-26 18:21:27.879999997,,,,,,,,,,,,,,,,,,,,,,,,,,,,,,,,,,,,,,,,,,,,,,,,,,,,,,,,,,,,,,,,,,,,,,,,,,,,1.8479265589265077,,,,,,,,,
2021-10-26 18:21:27.899999997,,,,,,,,,,,,,,,,,,,,,,,,,,,,,,,,,,,,,,,,,,,,,,,,,,,,,,,,,,,,,,,,,,,,,,,,,,,,,,,,,,,,,
2021-10-26 18:21:27.919999997,,,,,,,,,,,,,,,,,,,,,,,,,,,,,,,,,,,,,,,,,,,,,,,,,,,,,,,,,,,,,,,,,,,,,,,,,,,,,,,,,,,,,
2021-10-26 18:21:27.939999997,,,,,,,,,,,,,,,,,,,,,,,,,,,,,,,,,,,,,,,,,,,,,,,,,,,,,,,,,,,,,,,,,,,,,,,,,,,,,,,,0.6546720825881328,,,,,
2021-10-26 18:21:27.959999997,,,,,,,,,,,,,,,,,,,,,,,,,,,,,,,,,,,,,,,,,,,,,,,,,,,,,,,,,,,,,,,,,,,,,,,,,,,,,,,,,,,,,
2021-10-26 18:21:27.979999997,,,,,,,,,,,,,,,,,,,,,,,,,,,,,,,,,,,,,,,,,,,,,,,,,,,,,,,,,,,,,,,,,,,,,,,,,,,,,,,,,,,,,
2021-10-26 18:21:27.999999997,,,,,,,,,,,,,,,,,,,,,,,,,,,,,,,,,,,,,,,,,,,,,,,,,,,,,,,,,,,,,,,,,,,,,,,,,,,,,,,,,,,,,
2021-10-26 18:21:28.019999997,,,,,,,,,,,,,,,,,,,,,,,,,,,,,,,,,,,,,,,,,,,,,,,,,,,,,,,,,,,,,,,,,,,,,,,,,,,,,,,,,,,,,
2021-10-26 18:21:28.039999997,,,,,,,,,,,,,,,,,,,,,,,,,,,,,,,,,,,,,,,,,,,,,,,,,,,,,,,,,,,,,,,,,,,,,,,,,,,,,,,,,,,,,
2021-10-26 18:21:28.059999997,,,,,,,,,,,,,,,,,,,,,,,,,,,,,,,,,,,,,,,,,,,,,,,,,,,,,,,,,,,,,,,,,,,,,,,,,,,,,,,,,,,,,
2021-10-26 18:21:28.079999997,,,,,,,,,,,,,,,,,,,,,,,,,,,,,,,,,,,,,,,,,,,,,,,,,,,,,,,,,,0.9518998225172818,,,,,,,,,,,,,,,,,,,,,,,,,,,
2021-10-26 18:21:28.099999997,,,,,,,,,,,,,,,,,,,,,,,,,,,,,,,,,,,,,,,,,,,,,,,,,,,,,,,,,,,,,,,,,,,,,,,,,,,,,,,,,,,,,
2021-10-26 18:21:28.119999997,,,,,,,,,,,,,,,,,,,,,,,,,,,,,,,,,,,,,,,,,,,,,,,,,,,,,,,,,,,,,,,,,,,,,,,,,,,,0.9871358032054762,,,,,,,,,
2021-10-26 18:21:28.139999997,,,,,,,,,,,,,,,,,,,,,,,,,,,,,,,,,,,,,,,,,,,,,,,,,,,,,,,,,,,,,,,,,,,,,,,,,,,,,,,,,,,,,
2021-10-26 18:21:28.159999997,,,,,,,,,,,,,,,,,,,,,,,,,,,,,,,,,,,,,,,,,,,,,,,,,,,,,,,,,,,,,,,,,,,,,,,,,,0.8793371175658142,,,,,,,,,,,
2021-10-26 18:21:28.179999997,,,,,,,,,,,,,,,,,,,,,,,,,,,,,,,,,,,,,,,,,,,,,,,,,,,,,,,,,,,,,,,,,,,,,,,,,,,,,,,,,,,0.681646099584773,,
2021-10-26 18:21:28.199999997,,,,,,,,,,,,,,,,,,,,,,,,,,,,,,,,,,,,,,,,,,,,,,,,,,,,,,,,,,,,,,,,,,,,,,,,,,,,,,,,,,,,,
2021-10-26 18:21:28.219999997,,,,,,,,,,,,,,,,,,,,,,,,,,,,,,,,,,,,,,,,,,,,,,,,,,,,,,,,,,,,,,,,,,,,,,,,,,,,,,,,,,,,,
2021-10-26 18:21:28.239999997,,,,,,,,,,,,,,,,,,,,,,,,,,,,,,,,,,,,,,,,,,,,,,,,,,,,,,,,,,,,,,,,,,,,,,,,,,,,,,,,,,,,,
2021-10-26 18:21:28.259999997,0.3599392719388355,,,,,,,,,,,,,,,,,,,,,,,,,,,,,,,,,,,,,,,,,,,,,,,,,,,,,,,,,,,,,,,,,,,,,,,,,,,,,,,,,,,,
2021-10-26 18:21:28.279999997,,,,,,,,,,,,,,,,,,,,,,,,,,,,,,,,,,,,,,,,,,,,,,,,,,,,,,,,,,,,,,,,,,,,,,,,,,,,,,,,,,,,,
2021-10-26 18:21:28.299999997,,,,,,,,,,,,,,,,,,,,,,,,,,,,,,,,,,,,,,,,,,,,,,,,,,,,,,,,,,,,,,,,,,,,,,,,,,,,,,,,,,,,,
2021-10-26 18:21:28.319999997,,,,,,,,,,,,,,,,,,,,,,,,,,,,,,,,,,,,,,,,,,,,,,,,,,,,,,,,,,,,,,,,,,,,,,,,,,,,,,,,,,,,,
2021-10-26 18:21:28.339999997,,,,,,,,,,,,,,,,,,,,,,,,,,,,,,,,,,,,,,,,,,,,,,,,,,,,,,,,,,,,,,,,,,,,,,,,,,,,,,,,,,,,,
2021-10-26 18:21:28.359999997,,,,,,,,,,,,,,,,,,,,,,,,,,,,,,,,,,,,,,,,,,,,,,,,,,,,,,,,,,,,,0.3743985810875219,,,,,,,,,,,,,,,,,,,,,,,,
2021-10-26 18:21:28.379999997,,,,,,,,,,,,,,,,,,,,,,,,,,,,,,,,,,,,,,,,,,,,,,,,,,,,,,,,,,,,,,,,,,,,,,,,,,,,,,,,,,,,,
2021-10-26 18:21:28.399999997,,,,,,,,,,,,,,,,,,,,,,,,,,,,,,,,,,,,,,,,,,,,,,,,,,,,,,,,,,,,,,,,,,,,,,,,,,,,,,,,,,,,,
2021-10-26 18:21:28.419999997,,,,,,,,,,,,,,,,,,,,,,,,,,,,,,,,,,,,,,,,,,,,,,,,,,,,,,,,,,,,,,,,,,,,,,,,,,,,,,,,,,,,,
2021-10-26 18:21:28.439999997,,,,,,,,,,,,,,,,,,,,,,,,,,,,,,,,,,,,,,,,,,,,,,,,,,,,,,,,,,,,,,,,,,,,,,,,,,,,,,,,,,,,,
2021-10-26 18:21:28.459999997,,,,,,,,,,,,,,0.1816916369628826,,,,,,,,,,,,,,,,,,,,,,,,,,,,,,,,,,,,,,,,,,,,,,,,,,,,,,,,,,,,,,,,,,,,,,,
2021-10-26 18:21:28.479999997,,,,,,,,,,,,,,,,,,,,,,,,,,,,,,,,,,,,,,,,,,,,,,,,,,,,,,,,,,1.405650317904112,,,,,,,,,,,,,,,,,,,,,,,,,,,
2021-10-26 18:21:28.499999997,,,,,,,,,,,,,,,,,,,,,,,,,,,,,,,,,,,,,,,,,,,,,,,,,,,,,,,,,,,,,,,,,,,,,,,,,,,,,,,,,,,,,
2021-10-26 18:21:28.519999997,,,,,,,,,,,,,,,,,,,,,,,,,,,,,,,,,,,,,,,,,,,,,,,,,,,,,,,,,,,,,,,,,,,,,,,,,,,,,,,,,,,,,
2021-10-26 18:21:28.539999997,,,,,,,,,,,,,,,,,,,,,,,,,,,,,,,,,,,,,,,,,,,,,,,,,,,,,,,,,,,,,,,,,,,,,,,,,,,,,,,,,,,,,
2021-10-26 18:21:28.559999997,,,,,,,,,,,,,,,,,,,,,,,,,,,,,,,,,,,,,,,,,,,,,,,,,,,,,,,,,,,,,,,,,,,,,,,,,,,,,,,,,,,,,
2021-10-26 18:21:28.579999997,,,,,,,,,,,,,,,,,,,,,,,,,,,,,,,,,,,,,,,,,,,,,,,,,,,,,,,,,,,,,,,,,,,,,,,,,,,,,,,,0.3273056065383914,,,,,
2021-10-26 18:21:28.599999997,,,,,,,,,,,,,,,,,,,,,,,,,,,,,,,,,,,,,,,,,,,,,,,,,,,,,,,,,,,,,,,,,,,,,,,,,,,,1.2013320554305542,,,,,,,,,
2021-10-26 18:21:28.619999997,,,,,,,,,,,,,,,,,,,,,,,,,,,,,,,,,,,,,,,,,,,,,,,,,,,,,,,,,,,,,,,,,,,,,,,,,,,,,,,,,,,,,
2021-10-26 18:21:28.639999997,,,,,,,,,,,,,,,,,,,,,,,,,,,,,,,,,,,,,,,,,,,,,,,,,,,,,,,,,,,,,,,,,,,,,,,,,,,,,,,,,,,,,
2021-10-26 18:21:28.659999997,,,,,,,,,,,,,,,,,,,,,,,,,,,,,,,,,,,,,,,,,,,,,,,,,,,,,,,,,,,,,,,,,,,,,,,,,,,,,,,,,,,,,
2021-10-26 18:21:28.679999997,,,,,,,,,,,,,,,,,,,,,,,,,,,,,,,,,,,,,,,,,,,,,,,,,,,,,,,,,,,,,,,,,,,,,,,,,,,,,,,,,,,,,
2021-10-26 18:21:28.699999997,,,,,,,,,,,,,,,,,,,,,,,,,,,,,,,,,,,,,,,,,,,,,,,,,,,,,,,,,,,,,,,,,,,,,,,,,,,,,,,,,,,0.3092903376586659,,
2021-10-26 18:21:28.719999997,,,,,,,,,,,,,,,,,,,,,,,,,,,,,,,,,,,,,,,,,,,,,,,,,,,,,,,,,,,,,,,,,,,,,,,,,,,,,,,,,,,,,
2021-10-26 18:21:28.739999997,,,,,,,,,,,,,,,,,,,,,,,,,,,,,,,,,,,,,,,,,,,,,,,,,,,,,,,,,,,,,,,,,,,,,,,,,,,,,,,,,,,,,
2021-10-26 18:21:28.759999997,,,,,,,,,,,,,,,,,,,,,,,,,,,,,,,,,,,,,,,,,,,,,,,,,,,,,,,,,,0.8820112780491635,,,,,,,,,,,,,,,,,,,,,,,,,,,
2021-10-26 18:21:28.779999997,,,,,,,,,,,,,,,,,,,,,,,,,,,,,,,,,,,,,,,,,,,,,,,,,,,,,,,,,,,,,,,,,,,,,,,,,,,,,,,,,,,,,
2021-10-26 18:21:28.799999997,,,,,,,,,,,,,,,,,,,,,,,,,,,,,,,,,,,,,,,,,,,,,,,,,,,,,,,,,,,,,,,,,,,,,,,,,,,,,,,,,,,,,
2021-10-26 18:21:28.819999997,,,,,,,,,,,,,,,,,,,,,,,,,,,,,,,,,,,,,,,,,,,,,,,,,,,,,,,,,,,,,,,,,,,,,,,,,,,,2.9606612355269064,,,,,,,,,
2021-10-26 18:21:28.839999997,,,,,,,,,,,,,,,,,,,,,,,,,,,,,,,,,,,,,,,,,,,,,,,,,,,,,,,,,,,,,,,,,,,,,,,,,,,,,,,,,,,,,
2021-10-26 18:21:28.859999997,,,,,,,,,,,,,,,,,,,,,,,,,,,,,,,,,,,,,,,,,,,,,,,,,,,,,,,,,,,,,,,,,,,,,,,,,,,,,,,,,,,,,
2021-10-26 18:21:28.879999997,,,,,,,,,,,,,,,,,,,,,,,,,,,,,,,,,,,,,,,,,,,,,,,,,,,,,,,,,,,,,,,,,,,,,,,,,,,,,,,,,,,,,
2021-10-26 18:21:28.899999997,,,,,,,,,,,,,,,,,,,,,,,,,,,,,,,,,,,,,,,,,,,,,,,,,,,,,,,,,,,,,,,,,,,,,,,,,,,,,,,,,,,,,
2021-10-26 18:21:28.919999997,,,,,,,,,,,,,,,,,,,,,,,,,,,,,,,,,,,,,,,,,,,,,,,,,,,,,,,,,,,,,,,,,,,,,,,,,,,,,,,,,,,0.3466928987899331,,
2021-10-26 18:21:28.939999997,,,,,,,,,,,,,,,,,,,,,,,,,,,,,,,,,,,,,,,,,,,,,,,,,,,,,,,,,,,,,,,,,,,,,,,,,,,,,,,,,,,,,
2021-10-26 18:21:28.959999997,,,,,,,,,,,,,,,,,,,,,,,,,,,,,,,,,,,,,,,,,,,,,,,,,,,,,,,,,,,,,,,,,,,,,,,,,,,,,,,,,,,,,
2021-10-26 18:21:28.979999997,,,,,,,,,,,,,,,,,,,,,,,,,,,,,,,,,,,,,,,,,,,,,,,,,,,,,,,,,,,,,,,,,,,,,,,,,,,,,,,,,,,,,
2021-10-26 18:21:28.999999997,,,,,,,,,,,,,,,,,,,,,,,,,,,,,,,,,,,,,,,,,,,,,,,,,,,,,,,,,,,,,,,,,,,,,,,,,,,,,,,,,,,,,
2021-10-26 18:21:29.019999997,,,,,,,,,,,,,,,,,,,,,,,,,,,,,,,,,,,,,,,,,,,,,,,,,,,,,,,,,,,,,,,,,,,,,,,,,,,,,,,,,,,,,
2021-10-26 18:21:29.039999997,,,,,,,,,,,,,,,,,,,,,,,,,,,,,,,,,,,,,,,,,,,,,,,,,,,,,,,,,,,,,,,,,,,,,,,,,,,,,,,,,,,,,
2021-10-26 18:21:29.059999997,,,,,,,,,,,,,,,,,,,,,,,,,,,,,,,,,,,,,,,,,,,,,,,,,,,,,,,,,,,,,,,,,,,,,,,,,,,,1.1354851289412526,,,,,,,,,
2021-10-26 18:21:29.079999997,,,,,,,,,,,,,,,,,,,,,,,,,,,,,,,,,,,,,,,,,,,,,,,,,,,,,,,,,,,,,,,,,,,,,,,,,,,,,,,,,,,,,
2021-10-26 18:21:29.099999997,,,,,,,,,,,,,,,,,,,,,,,,,,,,,,,,,,,,,,,,,,,,,,,,,,,,,,,,,,,,,,,,,,,,,,,,,,,,,,,,,,,,,
2021-10-26 18:21:29.119999997,,,,,,,,,,,,,,,,,,,,,,,,,,,,,,,,,,,,,,,,,,,,,,,,,,,,,,,,,,,,,,,,,,,,,,,,,,,,,,,,,,,,,
2021-10-26 18:21:29.139999997,,,,,,,,,,,,,,,,,,,,,,,,,,,,,,,,,,,,,,,,,,,,,,,,,,,,,,,,,,,,,,,,,,,,,,,,,,,,,,,,0.2789210227591884,,,,,
2021-10-26 18:21:29.159999997,,,,,,,,,,,,,,,,,,,,,,,,,,,,,,,,,,,,,,,,,,,,,,,,,,,,,,,,,,,,,,,,,,,,,,,,,,,,,,,,,,,,,
2021-10-26 18:21:29.179999997,,,,,,,,,,,,,,,,,,,,,,,,,,,,,,,,,,,,,,,,,,,,,,,,,,,,,,,,,,,,,,,,,,,,,,,,,,,,,,,,,,,,,
2021-10-26 18:21:29.199999997,,,,,,,,,,,,,,,,,,,,,,,,,,,,,,,,,,,,,,,,,,,,,,,,,,,,,,,,,,,,,,,,,,,,,,,,,,,,,,,,,,,,,
2021-10-26 18:21:29.219999997,,,,,,,,,,,,,,,,,,,,,,,,,,,,,,,,,,,,,,,,,,,,,,,,,,,,,,,,,,,,,,,,,,,,,,,,,,,,,,,,,,,,,
2021-10-26 18:21:29.239999997,,,,,,,,,,,,,,,,,,,,,,,,,,,,,,,,,,,,,,,,,,,,,,,,,,,,,,,,,,,,,,,,,,,,,,,,,,,,,,,,,,,,,
2021-10-26 18:21:29.259999997,,,,,,,,,,,,,,0.1735755214007286,,,,,,,,,,,,,,,,,,,,,,,,,,,,,,,,,,,,,,,,,,,,,,,,,,,,,,,,,,,,,,,,,,,,,,,
2021-10-26 18:21:29.279999997,,,,,,,,,,,,,,,,,,,,,,,,,,,,,,,,,,,,,,,,,,,,,,,,,,,,,,,,,,,0.3349079966271643,,,,,,,,,,,,,,,,,,,,,,,,,,
2021-10-26 18:21:29.299999997,,,,,,,,,,,,,,,,,,,,,,,,,,,,,,,,,,,,,,,,,,,,,,,,,,,,,,,,,,,,,,,,,,,,,,,,,,,,,,,,,,,,,
2021-10-26 18:21:29.319999997,,,,,,,,,,,,,,,,,,,,,,,,,,,,,,,,,,,,,,,,,,,,,,,,,,,,,,,,,,,,,,,,,,,,,,,,,,,,,,,,,,,,,
2021-10-26 18:21:29.339999997,,,,,,,,,,,,,,,,,,,,,,,,,,,,,,,,,,,,,,,,,,,,,,,,,,,,,,,,,,,,,,,,,,,,,,,,,,,,,,,,,,,,,
2021-10-26 18:21:29.359999997,,,,,,,,,,,,,,,,,,,,,,,,,,,,,,,,,,,,,,,,,,,,,,,,,,,,,,,,,,,,3.8997309873701855,,,,,,,,,,,,,,,,,,,,,,,,,
2021-10-26 18:21:29.379999997,,,,,,,,,,,,,,,,,,,,,,,,,,,,,,,,,,,,,,,,,,,,,,,,,,,,,,,,,,,,,,,,,,,,,,,,,,,,,,,,,,,,,
2021-10-26 18:21:29.399999997,,,,,,,,,,,,,,,,,,,,,,,,,,,,,,,,,,,,,,,,,,,,,,,,,,,,,,,,,,,,,,,,,,,,,,,,,,,,,,,,,,,,,
2021-10-26 18:21:29.419999997,,,,,,,,,,,,,,,,,,,,,,,,,,,,,,,,,,,,,,,,,,,,,,,,,,,,,,,,,,,,,,,,,,,,,,,,,,,,,,,,,,,,,
2021-10-26 18:21:29.439999997,,,,,,,,,,,,,,,,,,,,,,,,,,,,,,,,,,,,,,,,,,,,,,,,,,,,,,,,,,,,,,,,,,,,,,,,,,,,,,,,,,,,,
2021-10-26 18:21:29.459999997,,,,,,,,,,,,,,,,,,,,,,,,,,,,,,,,,,,,,,,,,,,,,,,,,,,,,,,,,,,,,,,,,,,,,,,,,,,,,,,,,,,,,
2021-10-26 18:21:29.479999997,,,,,,,,,,,,,,,,,,,,,,,,,,,,,,,,,,,,,,,,,,,,,,,,,,,,,,,,,,,,,,,,,,,,,,,,,,,,,,,,,,,,,
2021-10-26 18:21:29.499999997,,,,,,,,,,,,,,,,,,,,,,,,,,,,,,,,,,,,,,,,,,,,,,,,,,,,,,,,,,,,,,,,,,,,,,,,,,,,,,,,,,,,,
2021-10-26 18:21:29.519999997,,,,,,,,,,,,,,,,,,,,,,,,,,,,,,,,,,,,,,,,,,,,,,,,,,,,,,,,,,,,,,,,,,,,,,,,,,,,,,,,,,,,,
2021-10-26 18:21:29.539999997,,,,,,,,,,,,,,,,,,,,,,,,,,,,,,,,,,,,,,,,,,,,,,,,,,,,,,,,,,,,,,,,,,,,,,,,,,,,,,,,,,,,,
2021-10-26 18:21:29.559999997,,,,,,,,,,,,,,,,,,,,,,,,,,,,,,,,,0.5256271424502995,,,,,,,,,,,,,,,,,,,,,,,,,,,,,,,,,,,,,,,,,,,,,,,,,,,,
2021-10-26 18:21:29.579999997,,,,,,,,,,,,,,,,,,,,,,,,,,,,,,,,,,,,,,,,,,,,,,,,,,,,,,,,,,,,,,,,,,,,,,,,,,,,,,,,,,,,,
2021-10-26 18:21:29.599999997,,,,,,,,,,,,,,,,,,,,,,,,,,,,,,,,,,,,,,,,,,,,,,,,,,,,,,,,,,,,,,,,,,,,,,,,,,,,,,,,,,,,,
2021-10-26 18:21:29.619999997,,,,,,,,,,,,,,,,,,,,,,,,,,,,,,,,,,,,,,,,,,,,,,,,,,,,,,,,,,,,,,,,,,,,,,,,,,,,,,,,,,,,,
2021-10-26 18:21:29.639999997,,,,,,,,,,,,,,,,,,,,,,,,,,,,,,,,,,,,,,,,,,,,,,,,,,,,,,,,,,,,,,,,,,,,,,,,,,,,,,,,,,,,,
2021-10-26 18:21:29.659999997,,,,,,,,,,,,,,,,,,,,,,,,,,,,,,,,,,,,,,,,,,,,,,,,,,,,,,,,,,,,,,,,,,,,,,,,,,,,,,,,,,,,,
2021-10-26 18:21:29.679999997,,,,,,,,,,,,,,,,0.9562055832410932,,,,,,,,,,,,,,,,,,,,,,,,,,,,,,,,,,,,,,,,,,,,,,,,,,,,,,,,,,,,,,,,,,,,,
2021-10-26 18:21:29.699999997,,,,,,,,,,,,,,,,,,,,,,,,,,,,,,,,,,,,,,,,,,,,,,,,,,,,,,,,,,,,,,,,,,,,,,,,,,,,,,,,,,,,,
2021-10-26 18:21:29.719999997,,,,,,,,,,,,,,,,,,,,,,,,,,,,,,,,,,,,,,,,,,,,,,,,,,,,,,,,,,,,,,,,,,,,,,,,,,,,,,,,,,,,,
2021-10-26 18:21:29.739999997,,,,,,,,,,,,,,,,,,,,,,,,,,,,,,,,,,,,,,,,,,,,,,,,,,,,,,,,,,,,,,,,,,,,,,,,,,,,,,,,,,,,,
2021-10-26 18:21:29.759999997,,,,,,,,,,,,,,,,,,,,,,,,,,,,,,,,,,,,,,,,,,,,,,,,,,,,,,,,,,,,,,,,,,,,,,,,,,,,,,,,,,,,,
2021-10-26 18:21:29.779999997,,,,,,,,,,,,,,,,,,,,,,,,,,,,,,,,,,,,,,,,,,,,,,,,,,,,,,,,,,,0.3172318516825019,,,,,,,,,,,,,,,,,,,,,,,,,,
2021-10-26 18:21:29.799999997,,,,,,,,,,,,,,,,,,,,,,,,,,,,,,,,,,,,,,,,,,,,,,,,,,,,,,,,,,,,,,,,,,,,,,,,,,,,,,,,,,,,,
2021-10-26 18:21:29.819999997,,,,,,,,,,,,,,,,,,,,,,,,,,,,,,,,,,,,,,,,,,,,,,,,,,,,,,,,,,,,,,,,,,,,,,,,,,,,,,,,,,,,,
2021-10-26 18:21:29.839999997,,,,,,,,,,,,,,,,,,,,,,,,,,,,,,,,,,,,,,,,,,,,,,,,,,,,,,,,,,,,,,,,,,,,,,,,,,,,,,,,,,,,,
2021-10-26 18:21:29.859999997,,,,,,,,,,,,,,,,,,,,,,,,,,,,,,,,,,,,,,,,,,,,,,,,,,,,,,,,,,,,,,,,,,,,,,,,,,,,,,,,,,,,,
2021-10-26 18:21:29.879999997,,,,,,,,,,,,,,,,,,,,,,,,,,,,,,,,,,,,,,,,,,,,,,,,,,,,,,,,,,,,,,,,,,,,,,,,,,,,,,,,,,,,,
2021-10-26 18:21:29.899999997,,,,,,,,,,,,,,,,,,,,,,,,,,,,,,,,,,,,,,,,,,,,,,,,,,,,,,,,,,,,,,,,,,,,,,,,,,,,,,,,,,,,,
2021-10-26 18:21:29.919999997,,,,,,,,,,,,,,,,,,,,,,,,,,,,,,,,,,,,,,,,,,,,,,,,,,,,,,,,,,,,,,,,,,,,,,,,,,,,,,,,,,,,,
2021-10-26 18:21:29.939999997,,,,,,,,,,,,,,,,,,,,,,,,,,,,,,,,,,,,,,,,,,,,,,,,,,,,,,,,,,,,,,,,,,,,,,,,,,,,,,,,,,,,,
2021-10-26 18:21:29.959999997,,,,,,,,,,,,,,,,,,,,,,,,,,,,,,,,,0.6406545338561758,,,,,,,,,,,,,,,,,,,,,,,,,,,,,,,,,,,,,,,,,,,,,,,,,,,,
2021-10-26 18:21:29.979999997,,,,,,,,,,,,,,,,,,,,,,,,,,,,,,,,,,,,,3.055141798125516,,,,,,,,,,,,,,,,,,,,,,,,,,,,,,,,,,,,,,,,,,,,,,,,
2021-10-26 18:21:29.999999997,,,,,,,,,,,,,,,,,,,,,,,,,,,,,,,,,,,,,,,,,,,,,,,,,,,,,,,,,,,,,,,,,,,,,,,,,,,,,,,,,,,,,
2021-10-26 18:21:30.019999997,,,,,,,,,,,,,,,,,,,,,,,,,,,,,,,,,,,,,,,,,,,,,,,,,,,,,,,,,,,,,,,,,,,,,,,,,,,,,,,,,,,,,
2021-10-26 18:21:30.039999997,,,,,,,,,,,,,,,,,,,,,,,,,,,,,,,,,,,,,,,,,,,,,,,,,,,,,,,,,,,,,,,,,,,,,,,,,,,,,,,,,,,,,
2021-10-26 18:21:30.059999997,,,,,,,,,,,,,,,,,,,,,,,,,,,,,,,,,,,,,,,,,,,,,,,,,,,,,,,,,,,,,,,,,,,,,,,,,,,,,,,,,,,,,
2021-10-26 18:21:30.079999997,,,,,,,,,,,,,,,,,,,,,,,,,,,,,,,,,,,,,,,,,,,,,,,,,,,,,,,,,,,,,,,,,,,,,,,,,,,,,,,,,,,,,
2021-10-26 18:21:30.099999997,,,,,,,,,,,,,,,,,,,,,,,,,,,,,,,,,,,,,,,,,,,,,,,,,,,,,,,,,,,,,,,,,,,,,,,,,,,,,,,,,,,,,
2021-10-26 18:21:30.119999997,,,,,,,,,,,,,,,,,,,,,,,,,,,,,,,,,,,,,,,,,,,,,,,,,,,,,,,,,,,,,,,,,,,,,,,,,,,,,,,,,,,,,
2021-10-26 18:21:30.139999997,,,,,,,,,,,,,,,,,,,,,,,,,,,,,,,,,,,,,,,,,,,,,,,,,,,,,,,,,,,,,,,,,,,,,,,,,,,,,,,,,,,,,
2021-10-26 18:21:30.159999997,,,,,,,,,,,,,,,,,,,,,,,,,,,,,,,,,,,,,,,,,,,,,,,,,,,,,,,,,,0.4699134805174149,,,,,,,,,,,,,,,,,,,,,,0.2604985978873062,,,,,
2021-10-26 18:21:30.179999997,,,,,,,,,,,,,,,,,,,,,,,,,,,,,,,,,,,,,,,,,,,,,,,,,,,,,,,,,,,,,,,,,,,,,,,,,,,,,,,,,,,,,
2021-10-26 18:21:30.199999997,,,,,,,,,,,,,,,,,,,,,,,,,,,,,,,,,,,,,,,,,,,,,,,,,,,,,,,,,,,,,,,,,,,,,,,,,,,,,,,,,,,,,
2021-10-26 18:21:30.219999997,,,,,,,,,,,,,,,,,,,,,,,,,,,,,,,,,,,,,,,,,,,,,,,,,,,,,,,,,,,,,,,,,,,,,,,,,,,,,,,,,,,,,
2021-10-26 18:21:30.239999997,,,,,,,,,,,,,,,,,,,,,,,,,,,,,,,,,,,,,,,,,,,,,,,,,,,,,,,,,,,,,,,,,,,,,,,,,,,,,,,,,,,,,
2021-10-26 18:21:30.259999997,,,,,,,,,,,,,,,,,,,,,,,,,,,,,,,,,,,,,,,,,,,,,,,,,,,,,,,,,,,,,,,,,,,,,,,,,,,,,,,,,,,,,
2021-10-26 18:21:30.279999997,,,,,,,,,,,,,,,,,,,,,,,,,,,,,,,,,,,,,,,,,,,,,,,,,,,,,,,,,,,,,,,,,,,,,,,,,,,,,,,,,,,,,
2021-10-26 18:21:30.299999997,,,,,,,,,,,,,,,,,,,,,,,,,,,,,,,,,,,,,,,,,,,,,,,,,,,,,,,,,,,,,,,,,,,,,,,,,,,,,,,,,,,,,
2021-10-26 18:21:30.319999997,,,,,,,,,,,,,,,,,,,,,,,,,,,,,,,,,,,,,,,,,,,,,,,,,,,,,,,,,,,,,,,,,,,,,,,,,,,,,,,,,,,,,
2021-10-26 18:21:30.339999997,,,,,,,,,,,,,,,,,,,,,,,,,,,,,,,,,,,,,3.364386916314781,,,,,,,,,,,,,,,,,,,,,,,,,,,,,,,,,,,,,,,,,,,,,,,,
2021-10-26 18:21:30.359999997,,,,,,,,,,,,,,,,,,,,,,,,,,,,,,,,,,,,,,,,,,,,,,,,,,,,,,,,,,,,,,,,,,,,,,,,,,,,,,,,,,,,,
2021-10-26 18:21:30.379999997,,,,,,,,,,,,,,,,1.041963261754184,,,,,,,,,,,,,,,,,,,,,,,,,,,,,,,,,,,,,,,,,,,,,,,,,,,,,,,,,,,,,,,,,,,,,
2021-10-26 18:21:30.399999997,,,,,,,,,,,,,,,,,,,,,,,,,,,,,,,,,,,,,,,,,,,,,,,,,,,,,,,,,,,,,,,,,,,,,,,,,,,,,,,,,,,,,
2021-10-26 18:21:30.419999997,,,,,,,,,,,,,,,,,,,,,,,,,,,,,,,,,,,,,,,,,,,,,,,,,,,,,,,,,,,,,,,,,,,,,,,,,,,,,,,,,,,,,
2021-10-26 18:21:30.439999997,,,,,,,,,,,,,,,,,,,,,,,,,,,,,,,,,,,,,,,,,,,,,,,,,,,,,,,,,,,,,,,,,,,,,,,,,,,,,,,,,,,,,
2021-10-26 18:21:30.459999997,,,,,,,,,,,,,,,,,,,,,,,,,,,,,,,,,,,,,,,,,,,,,,,,,,,,,,,,,,,,,,,,,,,,,,,,,,,,,,,,,,,,,
2021-10-26 18:21:30.479999997,,,,,,,,,,,,,,,,,,,,,,,,,,,,,,,,,,,,,,,,,,,,,,,,,,,,,,,,,,,,,,,,,,,,,,,,,,,,,,,,,,,,,
2021-10-26 18:21:30.499999997,,,,,,,,,,,,,,,,,,,,,,,,,,,,,,,,,,,,,,,,,,,,,,,,,,,,,,,,,,,,,,,,,,,,,,,,,,,,,,,,,,,,,
2021-10-26 18:21:30.519999997,,,,,,,,,,,,,,,,,,,,,,,,,,,,,,,,,,,,,,,,,,,,,,,,,,,,,,,,,,,,,,,,,,,,,,,,,,,,,,,,,,,,,
2021-10-26 18:21:30.539999997,,,,,,,,,,,,,,,,,,,,,,,,,,,,,,,,,,,,,,,,,,,,,,,,,,,,,,,,,,,,,,,,,,,,,,,,,,,,,,,,,,,,,
2021-10-26 18:21:30.559999997,,,,,,,,,,,,,,,,,,,,,,,,,,,,,,,,,,,,,,,,,,,,,,,,,,,,,,,,,,,,,,,,,,,,,,,,,,,,,,,,,,,,,
2021-10-26 18:21:30.579999997,,,,,,,,,,,,,,,,,,,,,,,,,,,,,,,,,0.6332648931811218,,,,0.6836009571114534,,,,,,,,,,,,,,,,,,,,,,,,,,,,,,,,,,,,,,,,,,,,,,,,
2021-10-26 18:21:30.599999997,,,,,,,,,,,,,,,,,,,,,,,,,,,,,,,,,,,,,,,,,,,,,,,,,,,,,,,,,,,,,,,,,,,,,,,,,,,,,,,,,,,,,
2021-10-26 18:21:30.619999997,,,,,,,,,,,,,,,,,,,,,,,,,,,,,0.2631986776614346,,,,,,,,,,,,,,,,,,,,,,,,,,,,,,,,,,,,,,,,,,,,,,,,,,,,,,,,
2021-10-26 18:21:30.639999997,,,,,,,,,,,,,,,,,,,,,,,,,,,,,,,,,,,,,,,,,,,,,,,,,,,,,,,,,,,,,,,,,,,,,,,,,,,,,,,,,,,,,
2021-10-26 18:21:30.659999997,,,,,,,,,,,,,,,,,,,,,,,,,,,,,,,,,,,,,,,,,,,,,,,,,,,,,,,,,,,,,,,,,,,,,,,,,,,,,,,,,,,,,
2021-10-26 18:21:30.679999997,,,,,,,,,,,,,,,,0.9785566973588932,,,,,,,,,,,,,,,,,,,,,,,,,,,,,,,,,,,,,,,,,,,,,,,,,,,,,,,,,,,,,,,,,,,,,
2021-10-26 18:21:30.699999997,,,,,,,,,,,,,,,,,,,,,,,,,,,,,,,,,,,,,,,,,,,,,,,,,,,,,,,,,,,,,,,,,,,,,,,,,,,,,,,,,,,,,
2021-10-26 18:21:30.719999997,,,,,,,,,,,,,,,,,,,,,,,,,,,,,,,,,,,,,,,,,,,,,,,,,,,,,,,,,,,,,,,,,,,,,,,,,,,,,,,,,,,,,
2021-10-26 18:21:30.739999997,,,,,,,,,,,,,,,,,,,,,,,,,,,,,,,,,,,,,,,,,,,,,,,,,,,,,,,,,,,,,,,,,,,,,,,,,,,,,,,,,,,,,
2021-10-26 18:21:30.759999997,,,,,,,,,,,,,,,,,,,,,,,,,,,,,,,,,,,,,,,,,,,,,,,,,,,,,,,,,,,,,,,,,,,,,,,,,,,,,,,,,,,,,
2021-10-26 18:21:30.779999997,,,,,,,,,,,,,,,,,,,,,,,,,,,,,,,,,,,,,0.8102085045191395,,,,,,,,,,,,,,,,,,,,,,,,,,,,,,,,,,,,,,,,,,,,,,,,
2021-10-26 18:21:30.799999997,,,,,,,,,,,,,,,,,,,,,,,,,,,,,,,,,0.3882157736074931,,,,,,,,,,,,,,,,,,,,,,,,,,,,,,,,,,,,,,,,,,,,,,,,,,,,
2021-10-26 18:21:30.819999997,,,,,,,,,,,,,,,,,,,,,,,,,,,0.4454189359184919,,,,,,,,,,,,,,,,,,,,,,,,,,,,,,,,,,,,,,,,,,,,,,,,,,,,,,,,,,
2021-10-26 18:21:30.839999997,,,,,,,,,,,,,,,,,,,,,,,,,,,,,,,,,,,,,,,,,,,,,,,,,,,,,,,1.3369318684346727,,,,,,,,,,,,,,1.1854471249183087,,,,,,,,,,,,,,,,
2021-10-26 18:21:30.859999997,,,,,,,,,,,,,,,,,,,,,,,,,,,,,,,,,,,,,,,,,,,,,,,,,,,,,,,,,,,,,,,,,,,,,,,,,,,,,,,,,,,,,
2021-10-26 18:21:30.879999997,,,,,,,,,,,,,,,,,,,,,,,,,5.276023740864801,,,,,,,,,,,,,,,,,,,,,,,,,,,,,,,,,,,,,,,,,,,,,,,,,,,,,,,,,,,,
2021-10-26 18:21:30.899999997,,,,,,,,,,,,,,0.1906735356378506,,,,,,,,,,,,,,,,,,,,,,,,,,,,,,,,,,,,,,,,,,,,,,,,,,,,,,,,,,,,,,,,,,,,,,,
2021-10-26 18:21:30.919999997,,,,,,,,,,,,,,,,,,,,,,,,,,,,,,,,,,,,0.9077776046675587,,,,,,,,,,,,,,,,,,,,,,,,,,,,,,,,,,,,,,,,,,,,,,,,,
2021-10-26 18:21:30.939999997,,,,,,,,0.8079510911459635,,,,,,,,,,,,,,,,,,,,,,,,,,,,,,,,,,,,,,,,,,,,,,,,,,,,,,,,,,,,,,,,,,,,,,,,,,,,,
2021-10-26 18:21:30.959999997,,,,,,,,,,,,,,,,,,,,,,,,,,,,,,,,,,,,,,,,,,,,,,,,,,,,,,,,,,,,,,,,,,,,,,,,,,,,,,,,,,,,,
2021-10-26 18:21:30.979999997,,,,,,,,,,,,,,,,,,,,,,,,,,,,,,,,,,,,,,,,,,,,,,,,,,,,,,,,,,,,,,,,,,,,,,,,,,,,,,,,,,,,,
2021-10-26 18:21:30.999999997,,,,,,,,,,,,,,,,,,,,,,,,,,,,,0.305927081503147,,,,,,,,,,,,,,,,,,,,,,,,,,,,,,,,,,,,,,,,,,,,,,,,,,,,,,,,
2021-10-26 18:21:31.019999997,,,,,,,,,,,,,,,,,,,,,,,,,,,,,,,,,,,,,,,,,,,,,,,,,,,,,,,,,,,,,,,,,,,,,,,,,,,,,,,,,,,,,
2021-10-26 18:21:31.039999997,,,,,,,,,,,,,,,,,,,,,,,,,,,,,,,,,,,,,,,,,,,,,,,,,,,,,,,,,,,,,,,,,,,,,,,,,,,,,,,,,,,,,
2021-10-26 18:21:31.059999997,,,,,,,,,,,,,,,,,,,,,,,,,,,,,,,,,,,,,,,,,,,,,,,,,,,,,,,1.2474916754375605,,,,,,,,,,,,,,,,,,,,,,,,,,,,,,
2021-10-26 18:21:31.079999997,,,,,,,,,,,,,,,,,,,,,,,,,,,,,,,,,,,,,,,,,,,,,,,,,,,,,,,,,,,,,,,,,,,,,,,,,,,,,,,,,,,,,
2021-10-26 18:21:31.099999997,,,,,,,,,,,,,,,,,,,,,,,,,,,,,,,,,,,,,,,,0.2049018708656802,,,,,,,,,,,,,,,,,,,,,,,,,,,,,,,,,,,,,,,,,,,,,
2021-10-26 18:21:31.119999997,,,,,,,,,,,,,,,,,,,,,,,,,,,0.6274562349283198,,,,,,,,,,,,,,,,,,,,,,,,,,,,,,,,,,,,,,,,,,,,,,,,,,,,,,,,,,
2021-10-26 18:21:31.139999997,,,,,,,,,,,,,,,,,,,,,,,,,,,,,,,,,,,,,,,,,,,,,,,,,,,,,,,,,,,,,,,,,,,,,,,,,,,,,,,,,,,,,
2021-10-26 18:21:31.159999997,,,,,,,,,,,,,,,,,,,,,,,,,,,,,,,,,,,,,,,,,,,,,,,,,,,,,,,,,,0.4200370108577566,,,,,,,,,,,,,,,,,,,,,,,,,,,
2021-10-26 18:21:31.179999997,,,,,,,,,,,,,,,,,,,,,,,,,,,,,,,1.0423758774574092,,,,,1.0559789374128157,,,,,,,,,,,,,,,,,,,,,,,,,,,,,,,,,,,,,,,,,,,,,,,,,
2021-10-26 18:21:31.199999997,,,,,,,,,,,,,,,,,,,,,,,,,,,,,,,,,,,,,,,,,,,,,,,,,,,,,,,,,,,,,,,,,,,,,,,,,,,,,,,,,,,,,
2021-10-26 18:21:31.219999997,,,,,,,,,,,,,,,,,,,,,,,,,,,,,,,,,,,,,,,,,,,,,,,,,,,,,,,,,,,,,,,,,,,,,,,,,,,,,,,,,,,,,
2021-10-26 18:21:31.239999997,,,,,,,,,,,,,,,,,,,,,,,,,,,,,,,,,,,,,,,,,,,,,,,,,,,,,,,,,,,,,,,,,,,,,1.151256251959328,,,,,,,,,,,,,,,,
2021-10-26 18:21:31.259999997,,,,,,,1.8531324038924253,,,,,,,,,,,,,,,,,,,,,,,,,,,,,,,,,,,,,,,,,,,,,,,,,,,,,,,,,,,,,,,,,,,,,,,,,,,,,,
2021-10-26 18:21:31.279999997,,,,,,,,,,,,,,,,,,,,,,,,,,,,,,,,,,,,,,,,,,,,,,,,,,,,,,,,,,,,,,,,,,,,,,,,,,,,,,,,,,,,,
2021-10-26 18:21:31.299999997,,,,,,,,,,,,,,,,,,,,,,,,,1.1169993251435133,,,,,,,,,,,,,,,,,,,,,,,,,,,,,,,,,,,,,,,,,,,,,,,,,,,,,,,,,,,,
2021-10-26 18:21:31.319999997,,,,,,,,,,,,,,,,,,,,,,,,,,,,,,,,,,,,,,,,,,,,,,,,,,,,,,,1.0111844007079185,,,,,,,,,,,,,,,,,,,,,,,,,,,,,,
2021-10-26 18:21:31.339999997,,,,,,,,,,,,,,,,,,,,,,,,,,,,,,,,,,,,,,,,,,,,,,,,,,,,,,,,,,,,,,,,,,,,,,,,,,,,,,,,,,,,,
2021-10-26 18:21:31.359999997,,,,,,,,,,,,,,,,,,,,,,,,,,,,,,,,,,,,,,,,,,,,,,,,,,,,,,,,,,,,,,,,,,,,,,,,,,,,,,,,,,,,,
2021-10-26 18:21:31.379999997,,,,,,,,,,,,,,,,,,,,,,,,,,,,,,,,,,,,,,,,,,,,,,,,,,,,,,,,,,,,,,,,,,,,,,,,,,,,,,,,,,,,,
2021-10-26 18:21:31.399999997,,,,,,,,,,,,,,,,,,,,,,,,,,,,,,,,,,,,,,,,,,,,,,,,,,,,,,,,,,,,,,,,,,,,,,,,,,,,,,,,,,,,,
2021-10-26 18:21:31.419999997,,,,,,,,,,,,,,,,,,,,,,,,,,,,,,,,,,,,0.9482465719711056,,,,,,,,,,,,,,,,,,,,,,0.495714593386811,,,,,,,,,,,,,,,,,,,,,,,,,,,
2021-10-26 18:21:31.439999997,,,,,,,,,,,,,,,,,,,,,,,,,,,,,,,,,,,,,0.7915208332627741,,,,,,,,,,,,,,,,,,,,,,,,,,,,,,,,,,,,,,,,,,,,,,,,
2021-10-26 18:21:31.459999997,,,,,,,,,,,,,,,,,,,,,,,,,,,,,,,1.2846172814549228,,,,,,,,,,,,,,,,,,,,,,,,,,,,,,,,,,,,,,,,,,,,,,,,,,,,,,
2021-10-26 18:21:31.479999997,,,,,,,,,,,,,,,,,,,,,,,,,,,0.890552652585642,,,,,,,,,,,,,,,,,0.3545976863634958,,,,,,,,,,,,,,,,,,,,,,,,,,,,,,,,,,,,,,,,,
2021-10-26 18:21:31.499999997,,,,,,,,,,,,,,,,,,,,,,,,,,,,,,,,,,,,,,,,,,,,,,,,,,,,,,,,,,,,,,,,,,,,,,,,,,,,,,,,,,,,,
2021-10-26 18:21:31.519999997,,,,,,,,,,,,,,,,1.856715525561539,,,,,,,,,,,,,,,,,,,,,,,,0.2178958046911671,,,,,,,,,,,,,,,,,,,,,,,,,,,,,,,,,,,,,,,,,,,,,
2021-10-26 18:21:31.539999997,,,,,,,,,,,,,,,,,,,,,,,,,,,,,,,,,,,,,,,,,,,,,,,,,,,,,,,1.1827792536269384,,,,,,,,,,,,,,,,,,,,,,,,,,,,,,
2021-10-26 18:21:31.559999997,,,,,,,,,,,,,,,,,,,,,,,,,,,,,,,,,,,,,,,,,,,,,,,,,,,,,,,,,,,,,,,,,,,,,,,,,,,,,,,,,,,,,
2021-10-26 18:21:31.579999997,,,,,,,2.191290271097885,,,,,,,,,,,,,,,,,,,,,,,,,,,,,,,,,,,,,,,,,,,,,,,,,,,,,,0.5286114003842411,,,,,,,,,,,,,,,,,,,,,,,,
2021-10-26 18:21:31.599999997,,,,,,,,,,,,,,,,,,,,,,,,,,,,,0.5134713312203901,,,,,,,,,,,,,,,,,,,,,,,,,,,,,,,,,,,,,,,,,,,,,,,,,,,,,,,,
2021-10-26 18:21:31.619999997,,,,,,,,,,,,,,,,,,,,,,,,,,,,,,,,,,,,,,,,,,,,,,,,,,,,,,,,,,,,,,,,,,,,,,,,,,,,,,,,,,,,,
2021-10-26 18:21:31.639999997,,,,,,,,,,,,,,,,,,,,,,,,,,,,,,,,,,,,,,,,,,,,,,,,,,,,,,,,,,,,,,,,,,,,,,,,,,,,,,,,,,,,,
2021-10-26 18:21:31.659999997,,,,,,,,,,,,,,,,,,,,,,,,0.453355930408682,,,,,,,,,,,,,,,,,,,,,,,,,,,,,,,,,,,,,,,,,,,,,,,,,,,,,,,,,,,,,
2021-10-26 18:21:31.679999997,,,,,,,,,,,,,,,,,,,,,,,,,,,,,,,,,,,,,,,,,,,,,,,,,,,,,,,,,,,,,,,,,,,,,,,,,,,,,,,,,,,,,
2021-10-26 18:21:31.699999997,,,,,,,,,,,,,,,,,,,,,,,,,,,,,,,1.6399745998433048,,,,,,,,,,,,,,,,,,,,,,,,,,,,,,,,,,,,,,,,,,,,,,,,,,,,,,
2021-10-26 18:21:31.719999997,,,,,,,,,,,,,,0.1787020796141388,,1.5780810264782217,,,,,,,,,,,,,,,,,,,,,,,,0.2428406189179403,,,,,,,,,,,,,,,,,,,,,,,,,,,,,,,,,,,,,,,,0.2628744270300014,,,,,
2021-10-26 18:21:31.739999997,,,,,,,,,,,,,,,,,,,,,,,,,,,,,,,,,,,,0.9929328437969605,,,,,,,,,,,,,,,,,,,,,,,,,,,,,,,,,,,,,,,,,,,,,,,,,
2021-10-26 18:21:31.759999997,,,,,,,,,,,,,,,,,,,,,,,,,,,,,,,,,,,,,,,,,,,,,,,,,,,,,,,,,,,,1.322113155092264,,,,,,,,,,,,,,,,,,,,,,,,,
2021-10-26 18:21:31.779999997,,,,,,,,,,,,,,,,,,,,,,,,,,,0.7105469616100628,,,,,,,,,,,,,,,,,,,,,,,,,,,,,,,,,,,,,,,,,,,,,,,,,,,,,,,,,,
2021-10-26 18:21:31.799999997,,,,,,,,,,,,,,,,,,,,,,,,,,,,,,,,,,,,,,,,,,,,,,,,,,,,,,,,,,,,,,,,,,,,,,,,,,,,,,,,,,,,,
2021-10-26 18:21:31.819999997,,,,,,,,,,,,1.618356150870239,,,,,,,,,,,,,,,,,,,,,,,,,,,,,,,,,,,,,,,,,,,,,,,,,,,,,,,,,,,,,,,,,,,,,,,,,
2021-10-26 18:21:31.839999997,,,,,,,,,,,,,,,,,,,,,,,,,,,,,,,,,,,,,,,,,,,,,,,,,,,,,,,1.1262574751749352,,,,,,,,,,,,,,,,,,,,,,,,,,,,0.2035945013890405,,
2021-10-26 18:21:31.859999997,,,,,,,2.16671004679276,,,,,,,,,,,,,,,,,,,,,,,,,,,,,,,,,,,,,,,,,,,,,,,,,,,,,,,,,,,,,,,,,,,,,,,,,,,,,,
2021-10-26 18:21:31.879999997,,,,,,,,,,,,,,,,,,,,,,,,,,,,,,,,1.238355832401172,,,,,,,,,,,,,,,,,,,,,,,,,,,,,,,,,,,,,,,,,,,,,,,,,,,,,
2021-10-26 18:21:31.899999997,,,,,,,,,,,,,,,,,,,,,,,,,,,,,,,,,,,,,,,,,,,,,,,,,,,,,,,,,,,,,,,,,,,,,,,,,,,,,,,,,,,,,
2021-10-26 18:21:31.919999997,,,,,,,,,,,,,,,,,,,,,,,,,,,,,,,1.970005852837704,,,,,,,,,,,,,,,,,,,,,,,,,,,,0.4092847370018229,,,,,,,,,,,,,,,,,,,,,,,,,,
2021-10-26 18:21:31.939999997,,,,,,,,,,,,,,,,,,,,,,,,,,,,,,,,,,,,,,,,0.3244764704516925,,,,,,,,,,,,,,,,,,,,,,,,,,,,,,,,,,,,,,,,,,,,,
2021-10-26 18:21:31.959999997,,,,,,,,,,,,,,,,1.3078007242633,,,,,,,,,,,,,,,,,,,,,,,,,,,,,,,,,,,,,,,,,,,,,,,,,,,,,,,,,,,,,,,,,,,,,
2021-10-26 18:21:31.979999997,,,,,,,,,,,,,,,,,,,,,,,,,,,,,,,,,,,,,,,,,,,,,,,,,,,,,,,,,,,,,,,,,,,,,,,,,,,,,,,,,,,,,
2021-10-26 18:21:31.999999997,,,,,,,,,,,,,,,,,,,,,,,,,,,,,0.4108040355913578,,,,,,,,,,,,,,,0.3692409132186982,,,,,,,,,,,,,,,,,,,,,,,,,,,,,,,,,,,,,,,,,
2021-10-26 18:21:32.019999997,,,,,,,,,,,,,,,,,,,,,,,,,,,,,,,,,,,,,,,,,,,,,,,,,,,,,,,,,,,,,,,,,,,,,,,,,,,,,,,,,,,,,
2021-10-26 18:21:32.039999997,,,,,,,,,,,,,,,,,,,,,,,,,,,,,,,,,,,,1.11745784503427,,,,,,,,,,,,,,,,,0.9223988356217246,,,,,,,,,,,,,,,,,,,,,,,,,,,,,,,,
2021-10-26 18:21:32.059999997,,,,,,,,,,,,,,,,,,,,,,,,,,,,,,,,,,,,,,,,,,,,,,,,,,,,,,,,,,,,,,,,,,,,,,,,,,,,,,,,,,,,,
2021-10-26 18:21:32.079999997,,,,,,,,,,,,,,,,,,,,,,,,,,,,,,,,,,,,,,,,,,,,,,,,,,,,,,,,,,,,,,,,,,,,,,,,,,,,,,,,,,,,,
2021-10-26 18:21:32.099999997,,,,,,,,,,,,,,,,,,,,,,,,,,,,,,,,,,,,,,,,,,,,,,,,,,,,,,,1.151963295313964,,,,,,,,,,,,,,,,,,,,,,,,,,,,,,
2021-10-26 18:21:32.119999997,,,,,,,,,,,,,,,,,,,,,,,,,,,,,,,,,,,,,,,,,,,,,,,,,,,,,,,,,,,,,,,,,,,,,,,,,,,,,,,,,,,,,
2021-10-26 18:21:32.139999997,,,,,,,,,,,,,,,,,,,,,,,,,,,0.7014085299920789,,,,1.9938043856231948,,,,,,,,,,,,,,,,,,,,,,,,,,,,,,,,,,,,,,,,,,,,,,,,,,,,,,
2021-10-26 18:21:32.159999997,,,,,,,2.3496641828783256,,,,,,,,,,,,,,,,,,,,,,,,,,,,,,,,,,,,,,,,,,,,,,,,,,,,,,,,,,,,,,,,,,,,,,,,,,,,,,
2021-10-26 18:21:32.179999997,0.4775698588252305,,,,,,,,,,,,,,,,,,,,,,,,,,,,,,,,,,,,,,,,,,,,,,,,,,,,,,,,,,,,,,,,,,,,,,,,,,,,,,,,,,,,
2021-10-26 18:21:32.199999997,,,,,,,,,,,,,,,,1.2136132711223802,,,,,,,,,,,,,,,,,,,,,,,,,,,,,,,,,,,,,,,,,,,0.5018057103431737,,,,,,,,,,,,,,,,,,,,,,,,,,
2021-10-26 18:21:32.219999997,,,,,,,,,,,,2.140698541468649,,,,,,,,,,,,,,,,,0.293388945541722,,,,,,,,,,,,,,,,,,,,,,,,,,,,,,,,,,,,,,,,,,,,,,,,,,,,,,,,
2021-10-26 18:21:32.239999997,,,,,,,,,,,,,,,,,,,,,,,,,,,,,,,,,,,,1.16144391271216,,,,,,,,,,,,,,,,,,,,,,,,,,,,,,,,,,,,,,,,,,,,,,,,,
2021-10-26 18:21:32.259999997,,,,,,,,,,,,,,,,,,,,,,,,,,,,,,,,,,,,,,,,,,,,,,,,,,,,,,,,,,,,,,,,,,,,,,,,,,,,,,,,,,,,,
2021-10-26 18:21:32.279999997,,,,,,,,,,,,,,,,,,,,,,,,,,,,,,,,,,,,,,,,0.3488438036965041,,,,,,,,,,,,,,,,,,,,,,,,,,,,,,,,,,,,,,,,,,,,,
2021-10-26 18:21:32.299999997,,,,,,,,,,,,,,,,,,,,,,,,,,,,,,,,,,,,,,,,,,,,,,,,,,,,,,,,,,,,,,,,,,,,,,,,,,,,,,,,,,,,,
2021-10-26 18:21:32.319999997,,,,,,,,,,,,,,,,,,,,,,,,,,,,,,,,,,,,,,,,,,,,,,,,,,,,,,,,,,,,1.2337811157914766,,,,,,,,,,,,,,,,,,,,,,,,,
2021-10-26 18:21:32.339999997,,,,,,,,,,,,,,,,,,,,,,,,,,,,,,,,,,,,,,,,,,,,,,,,,,,,,,,,,,0.4745533744685605,,,,,,,,,,,,,,,,,,,,,,,,,,,
2021-10-26 18:21:32.359999997,,,,,,,,,,,,,,,,,,,,,,,,,,,,,,,,,,,,,,,,,,,,,,,,,,,,,1.1940002486912982,,1.038551543521277,,,,,,,,,,,,,,,,,,,,,,,,,,,,0.2109441747998512,,
2021-10-26 18:21:32.379999997,,,,,,,,,,,,,,,,,,,,,,,,,,,,,,,1.5576670507163954,,,,,,,,,,,,,,,,,,,,,,,,,,,,,,,,,,,,,,,,,,,,,,,,,,,,,,
2021-10-26 18:21:32.399999997,,,,,,,,,,,,,,,,,,,,,,,,,,,,,,,,,,,,,,,,,,,,,,,,,,,,,,,,,,,,,,,,,,,,,,,,,,,,,,,,,,,,,
2021-10-26 18:21:32.419999997,,,,2.020127602187749,,,2.2984124184813344,,,,,,,,,,,,,,,,,,,,,,,,,,,,,,,,,,,,,,,,,,,,,,,,,,,,,,,,,,,,,,,,,,,,,,,,,,,,,,
2021-10-26 18:21:32.439999997,,,,,,,,,,,,,,,,,,,,,,,,,,,,,,,,,,,,,,,,,,,,,,,,,,,,,,,,,,,,,,,,,,,,,,,,,,,,,,,,,,,,,
2021-10-26 18:21:32.459999997,,,,,,,,,,,,,,,,,,,,,,,,,,,0.6306383371831369,,,,,,,,,,,,,,,,,,,,,,,,,,,,,,,,,,,,,,,,,,,,,,,,,,,,,,,,,,
2021-10-26 18:21:32.479999997,,,,,,,,,,,,,,,,1.3238346531892458,,,,,,,,,,,,,,,,,,,,,,,,,,,,,,,,,,,,,,,,,,,,,,,,,,,,,,,,,,,,,,,,,,,,,
2021-10-26 18:21:32.499999997,,,,,,,,,,,,,,,,,,,,,,,,,,,,,,,,,,,,,,,,,,,,,,,,,,,,,,,,,,,,,,,,,,0.6778402343537365,,,,,,,,,,,,,,,,,,,
2021-10-26 18:21:32.519999997,,,,,,,,,,,,,,,,,,,,,,,,,,,,,,,,,,,,1.3543951292930072,,,,,,,,,,,,,,,,,,,,,,,,,,,,,,,,,,,,,,,,,,,,,,,,,
2021-10-26 18:21:32.539999997,,,,,,,,,,,,,,,,,,,,,,,,,,,,,,,,,,,,,,,,,,,,,,,,,,,,,,,,,,,,,,,,,,,,,,,,,,,,,,,,,,,,,
2021-10-26 18:21:32.559999997,,,,,,,,,,,,,,,,,,,,,,,,,,,,,,0.8474078592274692,,,,,,,,,,,,,,,,,,,,,,,,,,,,,,,,,,,,,,,,,,,,,,,,,,,,,,,
2021-10-26 18:21:32.579999997,,,,,,,,,,,,,,,,,,,,,,,,,,,,,0.3616410242200376,,,,,,,,,,,0.608708514763423,,,,,,,,,,,,,,,,,,,,1.2035148575666734,,,,,,,,,,,,,,,,,,,,,,,,,
2021-10-26 18:21:32.599999997,,,,,,,,,,,,,,,,,,,,,,,,,,,,,,,,,,,,,,,,,,,,,,,,,,,1.1488035494697737,,,,,0.6279014751278832,,,,,,,,,,,,,,,,,,,,,,,,,,,,,
2021-10-26 18:21:32.619999997,,,,,,,,,,,,,,,,,,,,,,,,,,,,,,,,,,,,,,,,,0.2460431200065938,,,,,,,,,,,,,,,,,,,,,,,,,,,,,,,,,,,,,,,,,,,,
2021-10-26 18:21:32.639999997,,,,,,,,,,,,2.245396191859284,,,,,,,,,,,,,,,,,,,2.233144683999144,,,,,,,,,,,,,,,,,,,,,,,,1.084954276741963,,,,,,,,,,,,,,,,,,,,,,,,,0.3314812986508267,,,,,
2021-10-26 18:21:32.659999997,,,,,,,,,,,,,,,,,,,,,,,,,,,,,,,,,,,,,,,,,,,,,,,,,,,,,1.0349248346322448,,,,,,,,,,,,,,,,,,,,,,,,,,,,,,,,
2021-10-26 18:21:32.679999997,,,,,,,,,,,,,,,,,,,,,,,,,,,,,,,,,,,,,,,,,,,,,,,,,,,,,,,,,,,,,,,,,,,,,,,,,,,,,,,,,,,,,
2021-10-26 18:21:32.699999997,,,,,,,2.503040954405126,1.441372446931735,,,,,,,,,,,,,,,,,,,,,,,,,,,,,,,,,,,,,,,,,,,,,,,,,,,,,,,,,,,,,,,,,,,,,,,,,,,,,
2021-10-26 18:21:32.719999997,,,,,,,,,,,,,,,,,,,,,,,,,,,,,,,,,,,,,,,,,,,,,,,,,,,,,,,,,,,,,,,,,,,,,,,,,,,,,,,,,,,,,
2021-10-26 18:21:32.739999997,,,,,,,,,,,,,,,,1.4256187762481458,,,,,,,,,,,,,,,,,,,,,,,,,,,,,,,,,,,,,,,,,,,,,,,,,,0.6173901962424817,,,1.8695793291296776,,,,,,,,,,,,,,,,
2021-10-26 18:21:32.759999997,,,,,,,,,,,,,,,,,,,,,,,,,,,0.606416960236107,,,,,,,,,,,,,,,,,,,,,,,,,,,,,,,,,,,,,,,,,,,,,,,,,,,,,,,,,,
2021-10-26 18:21:32.779999997,,,,1.2210339672007888,,,,,,,,,,,,,,,,,,1.0954950937163002,,,,,,,,,,,,,,,,,,,,,,,,,,,,,,,,,,,,,,,,,,,,,,,,,,,,,,,,,,,,,,,
2021-10-26 18:21:32.799999997,,,,,,,,,,,,,,,,,,,,,,,,,,,,,,,,,,,,,,,,,,,,,,,,,,,,,,,,,,,,,,,,,,,,,,,,,,,,,,,,,,,,,
2021-10-26 18:21:32.819999997,,,,,,,,,,,,,,,,,,,,,,,,,,,,,,,,,,,,1.2295003745446416,,,,0.6340987297913585,,,,,,,,,,,,,,,,,,,,,,,,,,,,,,,,,,,,,,,,,,,,,
2021-10-26 18:21:32.839999997,,,,,,,,,,,,,,,,,,,,,,,,,,,,,,0.949799555611827,,,,,,,,,,,,,,,,,,,,,,,,,,,,,,1.1386012154883112,,,,,,,,,,,,,,,,,,,,,,,,,
2021-10-26 18:21:32.859999997,,,,,,,,,,,,,,,,,,,,,,,,,,,,,,,,,,,,,,,,,,,,,,,,,,,,,,,,,,,,,,,,,,,,,,,,,,,,,,,,0.277374988370507,,,0.2106664211483322,,
2021-10-26 18:21:32.879999997,,,,,,,,,,,,,,,,,,,,,,,,,,,,,,,2.1854972348158643,,,,,,,,,,,,,,,,,,,,0.853480068970234,,,,,0.4825345828965381,,,,,0.5424194669105221,,,,,,,,,,,,,,,,,,,,,,,,
2021-10-26 18:21:32.899999997,,,,,,,,,,,,,,,,,,,,,,,,,,,,,,,,,,,,,,,,,,,,,,,,,,,,,,,,,,,,,,,,,,,,,,,,,,,,,,,,,,,,,
2021-10-26 18:21:32.919999997,,,,,,,,,,,,,,,,,,,,,,,,,,,,,,,,,,,,,,,,,,,,,,,,,,,,,,,,,,,,,,,,,,,,,,,,,,,,,,,,,,,,,
2021-10-26 18:21:32.939999997,,,,,,,,,,,,,,,,,,,,,,,,,,,,,,,,,,,,,,,,,,,,,,,,,,,,,,,,,,,,,,,,,,0.7623475466249346,,,,,,,,,,,,,,,,,,,
2021-10-26 18:21:32.959999997,,,,,,,,1.3893632276238548,,,,,,,,,,,,,,,,,,,,,,,,,,,,,,,,,,,,,,,,,,,,,,,0.9068210023237944,,,,,,,,,,,,,,,,,,,,,,,,,,,,,,
2021-10-26 18:21:32.979999997,,,,,,,,,,,,,,,,,,,,,,,,,,,,,,,,,,,,,,,,,,,,,,,,,,,,,,,,,,,,,,,,,,,,,,,,,,,,,,,,,,,,,
2021-10-26 18:21:32.999999997,,,,,,,2.335431976908539,,,,,,,,,1.492610492025448,,,,,,,,,,,,,,,,,,,,,,,,,,,,,,,,,,,,,1.084700261104036,,,,,0.3202419273116256,,,,,,,,,,,,,,,,,,,,,,,,,,,
2021-10-26 18:21:33.019999997,,,,,,,,,,,,,,,,,,,,0.2129318717229007,,,,,,,,,,,,,,,,,,,,,,,,,,,,,,,,,,,,,,,,,,,,,,,,,,,,,,,,,,,,,,,,,
2021-10-26 18:21:33.039999997,,,,1.581721057996357,,,,,,,,,,,,,,,,,,,,,,,,,,,,,,,,,,,,,,,,,,,,,,,,,,,,,,,,,,,,,,,,,,,,,,,,,,,,,,,,,
2021-10-26 18:21:33.059999997,,,,,,,,,,,,,,,,,,,,,,,,,,,0.5638401667125407,,,,,,,,,,,,,,,,,,,,,,,,,,,,,,,,,,,,,,,,,,,,,,,,,,,,,,,,,,
2021-10-26 18:21:33.079999997,,,,,,,,,,,,2.5638273131572737,,,,,,,,,,,,,,,,,,,,,,,,,,,,,,,,,,,,,,,,,,,,,,,,,,,,,,,,,,,,,,,,,,,,,,,,,
2021-10-26 18:21:33.099999997,,,,,,,,,,,,,,,,,,,,,,,,,,,,,,,2.1677162247141366,,,,,1.128613673175459,,,,,,,,,,,,,,,,,,,,,,,,,,,,,,,,,,,,,,,,,,,,,,,,,
2021-10-26 18:21:33.119999997,,,,,,,,,,,,,,,,,,,,,,,,,,,,,,,,,,,,,,,,,,,,,,,,,,,,,,,,,,,,,,,,,,,,,,,,,,,,,,,,,,,,,
2021-10-26 18:21:33.139999997,,,,,,,,,,,,,,,,,,,,,,,,,,,,,,1.215953262628108,,,,,,,,,,,,,,,,,,,,,,,,,,,,,,1.0814367442457478,,,,,,,,,,,,,,,,,,,,,,,,,
2021-10-26 18:21:33.159999997,,,,,,,,,,,,,,,,,,,,,,,,,,,,,,,,,,,,,,,,,,,,,,,,,,,,,,,,0.615187868347598,,,,,,,,,,,,,,,,,,,,,,,,0.5327590403677332,,,,,
2021-10-26 18:21:33.179999997,,,,,,,,,,,,,,,,,,,,,,,,,,,,,,,,,,,,,,,,0.2694927266945847,,,,,,,,,,,0.876565703015072,,,,,,,,,,,,,,,,,,,,,,,,,,,,,,,,,,
2021-10-26 18:21:33.199999997,,,,,,,,1.229849780623173,,,,,,,,,,,,,,,,,,,,,,,,,,,,,,,,,0.1934164749910724,,,,,,,,,,,,,,,,,,,,,,,,,,,,1.343026266240031,,,,,,,,,,,,,,,,
2021-10-26 18:21:33.219999997,,,,,,,,,,,,,,,,,,,,0.2427656541266322,,,,,,,,,,,,,,,,,,,,,,,,,,,,,,,,,,,,,,,,,,,,,,,,,,,,,,,,,,,,,,,,,
2021-10-26 18:21:33.239999997,,,,,,,,,,,,,,,,1.2571861820214107,,,,,,,,,,,,,,,,,,,,,,,,,,,,,,,,,,,,,,,,,,,,,,,,,,,,,,,,,,,,,,,,,,,,,
2021-10-26 18:21:33.259999997,,,,,,,2.82394842589642,,,,,,,,,,,,,,,,,,1.1962188724045544,,,,,,,,,,,,,,,,,,,,,,,,,,,,,,,,,,,,,,,,,,,,,,,,,,,,,,,,,,,,
2021-10-26 18:21:33.279999997,,,,,,,,,,,,,,,,,,,,,,,,,,,,,,,,,,,,,,,,,,,,,,,,,,,,,,,1.1806202874169185,,,,,,,,,,,,,,,,,,,,,,,,,,,,,,
2021-10-26 18:21:33.299999997,,,,,,,,,,,,,,,,,,,,,,,,,,,,,,,,,,,,,,,,,,,,,,,,,,,,,,,,,,,,,,,,,,,,,,,,,,,,,,,,,,,,,
2021-10-26 18:21:33.319999997,,,,1.9330639188345025,,,,,,,,,,,,,,,,,,,,,,,,,,,,,,,,,,,,,,,,,,,,,,,,,,,,,,,,,,,,,,,,,,,,,,,,,,,,,,,,,
2021-10-26 18:21:33.339999997,,,,,,,,,,,,,,,,,,,,,,,,,,,,,,,,,,,,,,,,,,,,,,,,,,,,,,,,,,,,,,,,,,0.6837333657896986,,,,,,,,,,,,,,,,,,,
2021-10-26 18:21:33.359999997,,,,,,,,,,,,,,,,,,,,,,,,,,,,,,,1.625212601702261,,,,,,,,,,,,,,,,,,,,,,,,,,,,,,,,,,,,,,,,,,,,,,,,,,,,,,
2021-10-26 18:21:33.379999997,,,,,,,,,,,,,,,,,,,,,,,,,,,,,,,,,,,,,,,,,,,,,,,,,,,,1.1739493741962552,1.2050159340115247,,,,,,,,,,,,,,,,,,,,,,,,,,,,,,,,
2021-10-26 18:21:33.399999997,,,,,,,,1.2699972096326362,,,,,,0.2431824579021145,,,,,,,,,,,,,0.499647448789244,,,0.9325042272884576,,,,,,,,,,,,,,,,,,,,,,,,,,,,,,,,,,,,,,,,,,,,,,,,,,,,,,,
2021-10-26 18:21:33.419999997,,,,,,,,,,,,,,,,,,,,,,,,,,,,,,,,,0.6025799117542991,,,,,,,,,,,,,,,,,,,,,,,,,,,,,,,,,,,,,,,,,,,,,,,,,,,,
2021-10-26 18:21:33.439999997,,,,,,,,,,,,,,,,,,,,,,,,,,,,,,,,,,,,,,,,,,,,,,,,,,,,,,,,0.7229528947022408,,,,1.2697371404725046,,,,,,,,,,,,,,,,,,,,,,,,,
2021-10-26 18:21:33.459999997,,,,,,,,,,,,,,,,,,,,,,,,,,,,,,,,,,,,,,,,,,,,,,,,,,,,,,,,,,,,,,,,,,,,,,,,,,,,,,,,,,,,,
2021-10-26 18:21:33.479999997,,,,,,,,,,,,,,,,,,,,0.2792743100806373,,,,,,,,,,,,,,,,1.1989134895519014,,,,,,,,,,,,,,,,,,,,,,,,,,,,,,,,,,,,,,,,0.6470352074332391,,,,,,,,,
2021-10-26 18:21:33.499999997,,,,,,,,,,,,2.210892555221055,,,,,,,,,,,,,,,,,,,,,,,,,,,,,,,,,,,,,,,,,,,,,,,,,,,,,,,,,,,,,,,,,,,0.6511603740263741,,,,,,
2021-10-26 18:21:33.519999997,,,,,,,,,,,,,,,,1.0777308793109013,,,,,,,,,,,,,,,,,,,,,,,,,,,,,,,,,,,1.1630139831319286,,,,,,,,,,,,,,,,,,,,,,,,,,,,,,,,,,
2021-10-26 18:21:33.539999997,,,,,,,2.6403192789991823,,,,,,,,,,,,,,,,,,1.4510902356823492,,,,,,,,,,,,,,,,,,,,,,,,,,,,,,,,,,,,,,,,,,,,,,,,,,,,,,,,,,,,
2021-10-26 18:21:33.559999997,,,,,,,,,,,,,,,,,,,,,,,,,,,,,,,,,,,,,,,,,,,,,,,,,,,,,,,,,,,,,,,,,,0.8280408562745927,,,,,,,,,,,,,,,,,,,
2021-10-26 18:21:33.579999997,,,,,,,,,,,,,,,,,,,,,,,,,,,,,,,,,,,,,,,,,,,,,,,,,,,,,,,1.1071707684270342,,,,,,,,,,,,,,,,,,,0.8280115455181917,,,,,,,,,,,
2021-10-26 18:21:33.599999997,,,,1.864813236702108,,,,,,,,,,0.1740226847881149,,,,,,,,,,,,,,,,,2.1834282581263107,,,,,,,,,,,,,,,,,,,,,,,,,,,,,,,,,,,,,,,,,,,,,,,,,,,,,,
2021-10-26 18:21:33.619999997,,,,,,,,,,,,,,,,,,,,,,,,,,,,,,0.7959649622377433,,,,,,,,,,,,,,,,,,,,,,,,,,,,,,,,,,,,,,,,,,,,,,,,,,,,,,,
2021-10-26 18:21:33.639999997,,,,,,,,,,,,,,,,,,,,,,,,,,,,,,,,,,,,,,,,,,,,,,,,,,,,,,,,,,,,,,,,,,,,,,,,,,,,,,,,,,,0.4499883583658016,,
2021-10-26 18:21:33.659999997,,,,,,,,,,,,,,,,,,,,,,,,,,,,,,,,,,,,,,,,,,,,,,,,,,,,,,,,,,,,,,,,,,,,,,,,,,,,,,,,,,,,,
2021-10-26 18:21:33.679999997,,,,,,,,,,,,,,,,,,,,,,,,,,,0.5527209365297712,,,,,,,,,,,,,,,,,,,,,,,,,,,,,,,,,,,,,,,,,,1.3939608662790643,,,,,,,,,,,,,,,,
2021-10-26 18:21:33.699999997,,,,,,,,,,,,,,,,,,,,,,,,,,,,,,,,1.7877664517931442,,,,,,,,,,,,,,,,,,,,,,,,,,,,,,,,,,,,,,,,,,,,,,,0.281973650920704,,,,,,
2021-10-26 18:21:33.719999997,,,,,,,,,,,,,,,,,,,,,,,,,,,,,,,,,,,,,,,,,,,,,,,,,,,,,,,,0.6330964563008039,,,,,,,,,,,,,,,,,,,,,,,,,,,,,
2021-10-26 18:21:33.739999997,,,,,,,,0.8938706362348436,,,,,,,,,,,,,,,,,,,,,,,,,0.8681798337245035,,,,,,,,,,,,,1.1673711796458652,,,,,,,1.083659614780891,,,,,,,1.5046071413703448,,,,,,,,,,,,,,,,0.737855005757676,,,,,,,,,
2021-10-26 18:21:33.759999997,,,,,,,,,,,,,,,,,,,,,,,,,,,,,,,,,,,,,,,,,,,,,,,,,,,,,,,,,,,,,,,,,,,,,,,,,,,,,,,,,,,,,
2021-10-26 18:21:33.779999997,,,,,,,2.463807726864552,,,,,,,,,1.3360315360534707,,,,,,,,,,,,,,,,,,,,,,,,0.1689048008206164,,,,,,,,,,,,,,,,,,,,,,,,,,0.7764623393230036,,,,,,,,,,,,,,,,,,,
2021-10-26 18:21:33.799999997,,,,,,,,,,,,,,,,,,,,,,,,,,,,,,,,,,,,,,,,,,,,,,,,,,,,,,,,,,,,,,,,,,,,,,,,,,,,,,,,,,,,,
2021-10-26 18:21:33.819999997,,,,,,,,,,,,,,,,,,,,,,,,,1.7758508354849345,,,,,,,,,,,,,,,,,,,0.3310186206979485,,,,,,,,,,,,,,,,,,,,,,,,,,,,,,,,,,,,,,,,,
2021-10-26 18:21:33.839999997,,,,,,,,,,,,,,,,,,,,,,,,,,,,,,,,,,,,,,,,,,,,,,,,,,,,,,,,,,,,,,,,,,,,,,,,,,,,,,,,,,,,,
2021-10-26 18:21:33.859999997,,,,,,,,,,,,,,,,,,,,,,,,,,,,,,0.7983453570199304,1.9684844906803889,,,,,,,,,,,,,,,,,,,,0.919714732789388,,,,,,,,,,,,,,,,,,,,,,,,,,,,,,,,,,
2021-10-26 18:21:33.879999997,0.4792296528706755,,,,,,,,,,,,,,,,,,,,,,,,,,,,,,,,,,,,,,,,,,,,,,,,,,,,,,,,,,,,,,,,,,,,,,,,,,,,,,,,,,,,
2021-10-26 18:21:33.899999997,,,,1.5837695341466,,,,,,,,2.014943343252689,,,,,,,,,,,,,,,,,,,,,,,,,,,,,,,,,,,,,,,,,,,,,,,,,,,,,,,,,,,,,,,,,,,,,,,,,
2021-10-26 18:21:33.919999997,,,,,,,,,,,,,,,,,,,,,,,,,,,,,,,,,,,,,,,,,,,,,,,,,,,,,,,1.0469558108423147,,,,,,,,,,,,,,,,,,,,,,,,,,,,,,
2021-10-26 18:21:33.939999997,,,,,,,,,,,,,,,,,,,,,,,,,,,,,,,,,,,,1.3022924370398674,,,,,0.2720964939172085,,,,,,,,,,,,,,,,,,,,,,,,,,,,,,,,,,,,,,,,,,,,
2021-10-26 18:21:33.959999997,,,,,,,,,,,,,,,,,,,,,,,,,,,,,,,,,,,,,,,,,,,,,,,,,,,,,,,,,,,,,,,,,,,,,,,,,,,,,,,,,,,,,
2021-10-26 18:21:33.979999997,,,,,,,,,,,,,,,,,,,,,,,,,,,0.6313839142710531,,,,,,,,,,,,,,,,,,,,,,,,,,,,,,,,,,,,,,,,,,,,,,,1.0470763212792384,,,,,,,,,,,
2021-10-26 18:21:33.999999997,,,,,,,,,,,,,,,,,,,,,,,,,,,,,,,,,,,,,,,,,,,,,,,,,,,,,,,,,,,,,,,,,,0.8583585559066922,,,,,,,,,,,,,,,,,,,
2021-10-26 18:21:34.019999997,,,,,,,,,,,,,,,,,,,,,,,,,,,,,,,,2.055005067088013,,,,,,,,0.2197787643660673,,,,,,,,,,,,,,,,0.7456155519915715,,,,,,,,,,,,,,,,,,,,,,,,,,,,,
2021-10-26 18:21:34.039999997,,,,,,,,,,,,,,,,,,,,,,,,,,,,,,,,,,,,,,,,,,,,,,,,,,,,,,,,,,,,,,,,,,,,,,,,,,,,,,,,,,,,,
2021-10-26 18:21:34.059999997,,,,,,,,,,,,,,,,,,,,,,,,,,,,,,,,,,,,,,,,,,,,,,,,,,,,,0.9464346889013128,,,,,,,,,,,,,,,,,,,,,,,,,,,,,,,,
2021-10-26 18:21:34.079999997,,,,,,,2.117742165280577,,,,,,,,,1.2257818784589518,,,,,,,,,,,,,,,,,,,,,,,,,,,,,,1.125753538163397,,,,,,,,,,,,,,,,,,,,,,,1.4288522348719488,,,,,,,,,,,,,,,,
2021-10-26 18:21:34.099999997,,,,,,,,,,,,,,,,,,,,,,,,,,,,,,0.8843645271084261,1.2466183481271014,,,,,,,,,,,,,,,,,,,,,,,,,,,,,,,,,,,,,,,,,,,,,,,,,,,,,,
2021-10-26 18:21:34.119999997,,,,,,,,,,,,,,,,,,,,,,,,,,,,,,,,,,,,,,,,,,,,,,,,,,,,,,,,,,,,1.3477413010803776,,,,,,,,,,,,,,,,,,,0.6747025152958381,,,,,,
2021-10-26 18:21:34.139999997,0.7010708589704597,,,,,,,,,,,,,,,,,,,,,,,,,,,,,,,,,,,,,,,,,,,,,,,,,,,,,,,,,,,,,,,,,,,,,,,,,,,,,,,,,,,,
2021-10-26 18:21:34.159999997,,,,,,,,,,,,,,,,,,,,0.2058312818226643,,,,,1.581180445660341,,,,,,,,,,,,,,,,,,,,,,,,,,,,,,,,,,,,,,,,,,,,,,,,,,,,,,,,,,,,
2021-10-26 18:21:34.179999997,,,,,,,,,,,,,,,,,,,,,,,,,,,,,,,,,,,,,,,,,,,,,,,,,,,,,,0.1630496368922699,,,,,,,,,,,,,,,,,,,,,,,,,,,,,,,
2021-10-26 18:21:34.199999997,,,,1.0353971545478309,,,,,,,,,,,,,,,,,,,,,,,,,,,,,,,,,,,,,,,,,,,,,,,1.1750674357460875,,,,,,,,,,,,,,,,,,,,,,,,,,,,,,,,0.2608076761811216,,
2021-10-26 18:21:34.219999997,,,,,,,,,,,,,,,,,,,,,,,,,,,,,,,,,,,,1.3356441016041694,,,,,,,,,,,,,,,,,,,,,,,,,,,,,,0.5039333574446744,,,,,,,,,,,,,,,,,,,
2021-10-26 18:21:34.239999997,,,,,,,,,,,,,,,,,,,,,,,,,,,,,,,,,,,,,,,,,,,,,,,,,,,,,,,,,,,,,,,,,,,,,,,,,,1.056391328468159,,,,,,,,,,,
2021-10-26 18:21:34.259999997,,,,,,,,,,,,,,,,,,,,,,,,,,,,,,,,,,,,,,,,,0.2278128820880469,,,,,,,,,,,,,,,,,,,,,,,,,,,,,,,,,,,,,,,,,,,,
2021-10-26 18:21:34.279999997,,,,,,,,,,,,,,,,,,,,,,,,,,,,,,,,,0.7131629625484173,,,,,,,,,,,,,,,,,,,,,,1.2106018919978538,,,,,,,,,,,,,,,,,,,,,,,,,,,,,,
2021-10-26 18:21:34.299999997,,,,,,,,,,,,2.1981182303673985,,,,,,,,,,,,,,,0.4175524212782109,,,,,1.6349214466455195,,,,,,,,,,,,0.2895738023010664,,,,,,,,,,,,0.6046768322217694,,,,,,,,,,,,,,,,,,,,,,,,,,,,,
2021-10-26 18:21:34.319999997,,,,,,,2.232702866231528,,,,,,,,,,,,,,,,,,,,,,,,,,,,,,,,,,,,,,,,,,,,,,,,,,,,,,,,,,,,,,,,,,,,,,,,,,,,,,
2021-10-26 18:21:34.339999997,,,,,,,,,,,,,,,,,,,,,,,,,,,,,,,,,,,,,,,,,,,,,,,,,,,,,,,,,,,,,,,,,,,,,,,,,,,,,,,,,,,,,
2021-10-26 18:21:34.359999997,,,,,,,,,,,,,,,,,,,,,,,,,,,,,,,1.5692837708375298,,,,,,,,,,,,,,,,,,,,,,,,,,,,,,,,,,,,,,,,,,,,,,,,,,,,,,
2021-10-26 18:21:34.379999997,,,,,,,,,,,,,,,,,,,,,,,,,,,,,,,,,,,,,,,,,,,,,,,,,,,,,,,,,,,,,,,,,,,,,,,,,,,,,,,,,,,,,
2021-10-26 18:21:34.399999997,,,,,,,,,,,,,,,,,,,,,,,,,,,,,,0.789255989851417,,,,,,,,,,,,,,,,,1.1926193253883917,,,,,,,,,,,,,,,,,,,,,,,,,,,,,,,,,,,,,,
2021-10-26 18:21:34.419999997,0.6104783130753821,,,,,,,,,,,,,,,,,,,,,,,,,,,,,,,,,,,,,,,,,,,,,1.540495764865153,,,,,,,,,,,,,,,,,,,,,,,,,,,,,,,,,,,,,,,
2021-10-26 18:21:34.439999997,,,,1.3991846565656936,,,,,,,,,,,,,,,,,,,,,,,,,,,,,,,,,,,,,,,,,,,,,,,,,,,,,,,,,,,,,,0.4975526648236574,,,,,,,,,,0.7191341444913726,,,,,,,,,
2021-10-26 18:21:34.459999997,,,,,,,,,,,,,,,,,,,,,,,,,,,,,,,,,,,,,,,,,,,,,,,,,,,,,0.9811340962196292,,,,,,,,,,,,,,,,,,,,,,,,,,,,,,,,
2021-10-26 18:21:34.479999997,,,,,,,,,,,,,,,,,,,,,,,,,1.4259619572777278,,,,,,,,,,,,,,,,,,,,,,,,,,,,,,,,,,,,,,,,,,,,,,,,,0.937123353560566,,,,,,,,,,,
2021-10-26 18:21:34.499999997,,,,,,,,,,,,,,,,,,,,,,,,,,,,,,,,,,,,,,,0.9628520459703256,,,,,,,,,,,,,,,,,,,,,,,,,,,,,,1.5683201973141214,,,,,,,,,,0.8402459350017257,,,,,,
2021-10-26 18:21:34.519999997,,,,,,,,,,,,,,,,,,,,,,,,,,,,,,,,,,,,,,,,,0.4338993309615571,,,,,,,,,,1.0438331715207294,,,,,,,0.3255060697741494,,1.3978326168217834,,,,,,,,,,,,,,,,,,,,,,,,,
2021-10-26 18:21:34.539999997,,,,,,,,,,,,,,,,,,,,,,,,,,,,,,,,,,,,,,,,,,,,,,,,,,,,,,,,,,,,,,,,,,,,,,,,,,,,,2.5253757913041706,,,,,,,,
2021-10-26 18:21:34.559999997,,,,,,,,,,,,,,,,,,,,,,,,,,,,,,,,,,,,,,,,,,,,,,,,,,,,,,,,,,,,,,,,,,,,,,,,,,,,,,,,,,,0.2308973092077414,,
2021-10-26 18:21:34.579999997,,,,,,,,,,,,,,,,,,,,,,,,,,,,,,,,,,,,,,,,,,,,,,,,,,,,,,,1.2188727250247082,,,,,,,,,,,,,,,,,,,,,,,,,,,,,,
2021-10-26 18:21:34.599999997,,,,,,,2.4257339891120084,,,,,,,,,,,,,,,,,,,,,,,,,1.6879431835942151,,,,,,,,,,,,,,,,,,,,,,0.3056184787290194,,0.6351979191817315,,,,,,,,,,,,,,,,,,,,,,,,,,,,,
2021-10-26 18:21:34.619999997,,,,,,,,,,,,,,,,,,,,,,,,,,,,,,,,,,,,1.0272876476471768,,,,,,,,,,,,,,,,,,,,,,,,,,,,,,,,,,,,,,,,,,,,,,,,,
2021-10-26 18:21:34.639999997,,,,,,,,,,0.347120538734924,,,,,,,,,,,,,,,,,,,,,,,,,,,,,,,,,,,,,1.9275353718679675,,,,,,,,,,,,,,,,,,,,,,,,,,,,,,,,,,,,,,
2021-10-26 18:21:34.659999997,,,,,,,,,,,,,,,,,,,,,,,,,,,0.4086635965615189,,,,1.1340624411443112,,,,,,,,,,,,,,,,,,,,,,,,,,,,,,,,,,,,,,,,,,,,,,,,,,,,,,
2021-10-26 18:21:34.679999997,0.7264279527915689,,,,,,,,,,,,,,,,,,,,,,,,,,,,,,,,,,,,,,,,,,,,,,,,,,,,,,,,,,,,,,,,,,,,,,,,,,,,,,,,,,,,
2021-10-26 18:21:34.699999997,,,,,1.3517084369926011,,,,,,,1.7791361781298731,,,,,,,,,,,,,,,,,,,,,0.6151308924947145,,,,,,,,,,,,,,,,,,,,,,,,,,,,,,,,,,,,,,,,,,,,,,,,,,,,
2021-10-26 18:21:34.719999997,,,,,,,,,,,,,,,,,,,,,,,,,,,,,,,,,,,,,,,,,,,,,,,,,,,,,,,,,,,,,,,,,,,,,,,,,,,,,,,,,,,,,
2021-10-26 18:21:34.739999997,,,,0.9411745127738655,,,,,,,,,,,,0.9524678169851192,,,,,,,,,,,,,,,,,,,,,,,,,,,,,,1.9501273124326504,,,,,,,,,,,,,,,,,,,,,,,,,,,,1.001323861951438,,,,,,,,,,,
2021-10-26 18:21:34.759999997,,,,,,,,,,,,,,,,,,,,0.4719966986241631,,,,,,,,,,,,,,,,,,,,,,,,,,,,,,,,,,,,,,,,,,,,,,,,,,,,,,,,,,,,,,,,,
2021-10-26 18:21:34.779999997,,,,,,,,,,,,,,,,,,,,,,,,,1.507349454839682,,,,,,,,,,,,,,,,,,,,,,,,,,,,,,,,,,,,,,,,,,,,,,,,,,,,,,,,,,,,
2021-10-26 18:21:34.799999997,,,,,,,,,,,,,,,,,,,,,,,,,,,,,,,,,,,,,,,,,,,,,,,,,,,,,,,,,,,,,,,,,,,,,,,,,,,,,2.115877357809919,,,,,,0.4013889288672764,,
2021-10-26 18:21:34.819999997,,,,,,,,,,,,,,,,,,,,,,,,,,,,,,,,,,,,,,,,,,,,,,,,,,,,,,,,,,,,,,,,,,,,,,,,,,,,,,,,,,,,,
2021-10-26 18:21:34.839999997,,,,,,,,,,,,,,,,,,,,,,,,,,,,,,,,1.3951166736758722,,,,,,,0.9704199971356228,,,,,,,,,,,,1.0602963882937528,,,,,,,,,,,,,,,,,,,,,,,,,,,,,,,,,,
2021-10-26 18:21:34.859999997,,,,,,,2.405885627517999,,,,,,,,,,,,,,,,,,,,,,,,,,,,,,,,,,,,,0.2805364588333408,,,2.097277540484923,,,,,,0.79695407727899,,,,0.4966368568677382,,,,,,,,,,,,,,,,,,,0.819339450733935,,,,,,,,,
2021-10-26 18:21:34.879999997,,,,,,,,,,,,,,,,,,,,,,,,,,,,,,1.0616150795063126,,,,,,1.1400349730669088,,,,,,,,,,,,,,,,,,,,,,,,1.3406923118769938,,,,,,,,,,,,,,,,,,,0.4963980711866136,,,,,,
2021-10-26 18:21:34.899999997,,,,,,,,,,,,,,,,,,,,,,,,,,,,,,,,,,,,,,,,,,,,,,,,,,,,,,,,,,,,,,,,,,0.5463931500388284,,,,,,,,,,,,,,,,,,,
2021-10-26 18:21:34.919999997,,,,,,,,,,,,,,,,,,,,,,,,,,,,,,,,,,,,,,,,,,,,,,,,,,,,,,,,0.6759751237882418,,,,,,,,,,,,,,,,,,,,,,,,,,,,,
2021-10-26 18:21:34.939999997,,,,,,,,,,,,,,,,,,,,,,,,,,,,,,,1.2503650502217667,,,,,,,,,,,,,,,,,,,,,,,,1.082198420882568,,,,,,,,,,,,,,1.3502463892575325,,,,,,,,,,,,,,,,
2021-10-26 18:21:34.959999997,,,,,0.7822194750550925,,,,,,,,,,,,,,,,,,,,,,0.4135325182306534,,,,,,,,,,,,,,0.2188785346925019,,,,,,,,,,,,,,,,,0.3399266224852345,,,,,,,,,,,,,,,,,,,,,,,,,,,
2021-10-26 18:21:34.979999997,0.7841978176167593,,,,,,,,,,,,,,,,,,,,,,,,,,,,,,,,0.6202604529036728,,,,,,,,,,,,,,,,,,,,,,,,,,,,,,,,,,,,,,,,,1.2059699441419824,,,,,,,,,,,
2021-10-26 18:21:34.999999997,,,,,,,,,,,,,,,,,,,,,,,,0.6919623479351209,,,,,,,,,,,,,,,,,,,,,,,,,,,,,,0.171252179159949,,,,,,,,,,,,,,,,,,,,,,,,,,,,,,,
2021-10-26 18:21:35.019999997,,,,,,,,,,,,,,,,,,,,,,,,,,,,,,,,,,,,,,,,,,,,,,,,,,,,,,,,,,,,,,,,,,,,,,,,,,,,,,,,,,,,,
2021-10-26 18:21:35.039999997,,,,,,,,,,,,,,,,,,,,,,,,,,,,,,,,,,,,,,,,,,,,,,,,,,,,,,,,,,,,,0.9270871781881888,,,,,,,,,,,,,,,,,,,,,,,,
2021-10-26 18:21:35.059999997,,,,,,,,,,,,,,,,,,,,,,,,,,,,,,,,,,,,,,,,,,,,,,2.06077193366306,,,,,,,,,,,,,,,,,,,,,,,,,,,,,,,,,,,,,,,
2021-10-26 18:21:35.079999997,,,,1.1553573963346229,,,,,,,,,,,,,,,,,,,,,1.5187598368644664,,,,,,,,,,,,,,,,,,,,,,,,,,,,,,,,,,,,,,,,,,,,,,,,,,,,,,,,,,,,
2021-10-26 18:21:35.099999997,,,,,,,,,,,1.0755795272281217,1.7725088027123546,,,,,,,,,,,,,,,,,,,,,,,,,,,,,,,,,,,2.232131140516479,,,,,,,,,,,,,,,,,,,,,,,,,,,,,,0.4988331613508168,,,,,,,,
2021-10-26 18:21:35.119999997,,,,,,,,,,2.3567137261587283,,,,,,,,,,,,,,,,,,,,,,1.7665150758580943,,,,,,,,,,,,,,,,,,,,,,,,,,,,,,,,,,0.5016776416539528,,,,,,,,,,1.0867414761120735,,,,,,,,,
2021-10-26 18:21:35.139999997,,,,,,,,,,,,,,,,,,,,,,,,,,,,,,,,,,,,,,,,,,,,,,,,,,,1.2213106455367606,,,,,,,,,,,,,,,,,,,,,,,,,,,,,,,,,,
2021-10-26 18:21:35.159999997,,,,,,,2.650146850549169,,,,,,,,,1.238558307640912,,,,,,,,,,,,,,,,,,,,1.0524751235269705,,,,,,,,,,,,,,,,,,,,,,,,,,,,,,,,,,,,,,,,,,,,,,,,,
2021-10-26 18:21:35.179999997,,,,,,,,,,,,,,,,,,,,,,,,,,,,,,,1.452434613309712,,,,,,,,1.0655247904550995,,,,,,,,,,,,,,0.6543970362516058,,,,,,,,,,,,,,,,,,,,,,,,,,,,,,,,
2021-10-26 18:21:35.199999997,,,,,,,,,,,,,,,,,,,,,,,,,,,,,,,,,,,,,,,,,,,,,,,,,,,,,,,,,,0.3358495300764706,,,,,,,,,,,,,,,,,,,,,,,,,,,
2021-10-26 18:21:35.219999997,,,,,,,,,,,,,,,,,,,,,,,,,,,,,,,,,,,,,,,,,,,,,,,,,,,,,,,,0.6268615830722046,,,,,,,,,,,,,,,,,,,,,,,,,,,,,
2021-10-26 18:21:35.239999997,,,,,,,,,,,,,,,,,,,,,,,,0.5883744726334819,,,,,,,,,,,,,,,,,,,,,,,,,,,,,,,,,,,,1.665268091267539,,,,,,,,,,,,,,,,,,,0.6952455577013891,,,,,,
2021-10-26 18:21:35.259999997,,,,,,,,,,,,,,,,,,,,,,,,,,,0.489276530779301,,,,,,,,,,,,,,,,,,,,,,,,,,,,,,,,,,,,,,,,,,,,,,,1.1883307408738006,,,,,,,,,,,
2021-10-26 18:21:35.279999997,,,,,,,,,,,,,,,,,,,,,,,,,,,,,,,,,,,,,,,,,,,,,,,,,,,,,,,,,,,,,,,,,,,,,,,,,,,,,,,,,,,,,
2021-10-26 18:21:35.299999997,0.7294562399009551,,,,,,,,,,,,,,,,,,,,,,,,,,,,,,,,0.7092107484832135,,,,,,,,,,,,,,,,,,,,,,,,,,,,,,,,,,,,,,,,,,,,,,,,,,,,
2021-10-26 18:21:35.319999997,,,,,,,,,,,,,,,,,,,,,,,,,,,,,,,,,,,,,,,,,,,,,,,,,,,,,,,,,,,,,,,,,,,,,,,,,,,,,,,,,,,,,
2021-10-26 18:21:35.339999997,,,,1.3218683711490151,,,,,,1.4323895087854526,,,,,,,,,,,,,,,,,,,,,,,,,,,,,,,,,,,,,1.546060271802204,,,,,0.6217004610748837,,,,,,,,,,,,,,,,,,,,,,,,,,,,,,,,,
2021-10-26 18:21:35.359999997,,,,,,,,,,,,,,,,,,,,,,,,,,,,,,,,,,,,,,,,,,,,,,,,,,,,,,,1.231778997345539,,,,,,,,,,,0.4112317386787008,,,,,,,,,,,,,,,,,,,
2021-10-26 18:21:35.379999997,,,,,,,,,,,,,,,,,,,,,,,,,,,,,,0.826593811280124,,,,,,,,,,,,,,,,,,,,,,,,,,,,,,,,,,,,,,,,,,,,,,0.7304101629450264,,,,,,,,,
2021-10-26 18:21:35.399999997,,,,,,,,,,,1.0931728509603953,,,,,0.956779022795698,,,,,,,,,,,,,,,,,,,,,,,,,,,,,,1.549294496305223,,,,,,,,,,,,,,,,,,,,,,,,,,,,,,,,,,,,,,,
2021-10-26 18:21:35.419999997,,,,,,,,,,,,,,,,,,,,,,,,,,,,,,,,,,,,,,,,,,,,,,,,,,,,,,,,,,,,,,,,,,,,,,,,,,,,,,,,,,,,,
2021-10-26 18:21:35.439999997,,,,,,,,,,,,,,,,,,,,,,,,,1.3716218334889367,,,,,,,1.6237862797389773,,,,1.1542412964430708,,,,,,,,,,,,,,,1.1363306751277706,,,,,,,,,,,,,,,,,,,,,,,,,,,,,,,,,,
2021-10-26 18:21:35.459999997,,,,,,,2.74426575324693,1.0993551252323484,,,,,,,,,,,,,,,,,,,,,,,,,,,,,,,,,,,,,,,,,,,,,1.127387049153519,,,,,,,,,,,,,,,,,,,,,,,,,,,,,,,,
2021-10-26 18:21:35.479999997,,,,,,,,,,,,,,,,,,,,,,,,,,,,,,,1.664630112308381,,,,,,,,,,,,,,,,,,,,,,,,,,,,,,,,,,,,,,1.4962460857498388,,,,,,5.966031398382921,,,,,,,,,,
2021-10-26 18:21:35.499999997,,,,,,,,,,,,2.0497779757997625,,,,,,,,,,,,,,,,,,,,,,,,,,,,,,,,,,,,,,,,,,,,,,,,,,,,,,,,,,,,,,,,,,,,,,,,,
2021-10-26 18:21:35.519999997,,,,,,,,,,,,,,,,,,,,,,,,,,,,,,,,,,,,,,,,,,,,,,,,,,,,,,,,,,,,,,,,,,,,,,,,,,1.1146493979332197,,,,,,,,,,,
2021-10-26 18:21:35.539999997,,,,,,,,,,,,,,,,,,,,,,,,,,,0.429717183317128,,,,,,,,,,,,0.7440578183382122,,,,,,,,,,,,,,,0.2776406927245152,,0.6723848631937959,,0.5634116014185823,,,,,,,,,,,,,,,,,,,,,0.4622171710187673,,,,,,
2021-10-26 18:21:35.559999997,,,,,,,,,,,,,,,,,,,,,,,,,,,,,,,,,,,,,,,,,,,,,,,1.716580316799855,,,,,,,,,,,,,,,,,,,0.451256521186798,,,,,,,,,,,,,,,,,,,
2021-10-26 18:21:35.579999997,0.8360313145480112,,,,,,,,,,,,,,,,,,,,,,,,,,,,,,,,,,,,,,,,,,,,,,,,,,,,,,,,,,,1.207836681798038,,,,,,,,,,,,,,,,,,,,,,,,,
2021-10-26 18:21:35.599999997,,,,,,,,,,,,,,,,,,,,,,,,,,,,,,,,,,,,,,,,,,,,,,,,,,,,,,,,,,,,,,,,,,,,,,,,,,,,,,,,,,,,,
2021-10-26 18:21:35.619999997,,,,,,,,,,0.6411939336475849,,,,,,,,,,,,,,,,,,,,0.9208800541191552,,,0.6869238416671029,,,,,,,,,,,,,,,,,,,,,,,,,,,,,,,,,,,,,,,,,,,,,,,,,,,,
2021-10-26 18:21:35.639999997,,,,,,,,,,,,,,,,,,,,,,,,,,,,,,,,,,,,,,,,,,,,,,,,,,,,,,,,,,,,,,,,,,,,,,,,,,,,,,,,,,,,,
2021-10-26 18:21:35.659999997,,,,1.3967516335358114,,,,,,,,,,,,,,,,,,,,,,,,,,,,,,,,,,,,,,,,,,,,,,,,,,,,,,,,,,,,,,,,,,,,,,,,0.8042535477678665,,,,,,,,,
2021-10-26 18:21:35.679999997,,,,,,,,,,,1.2459259068351054,,,,,0.8743206192473676,,,,,,,,,,,,,,,,,,,,,,,,,,,,,,,,,,,0.9394552737681352,,,,,,,,,,,,,,,,,,,,,,,,,,,,,,,,,,
2021-10-26 18:21:35.699999997,,,,,,,,,,,,,,,,,,,,,,,,,,,,,,,,1.2933180598943397,,,,,,,,,,,,,,,,,,,,,,,,,,,,,,,,,,,,,,,,,,,,,,,,,,,,,
2021-10-26 18:21:35.719999997,,,,,,,2.3374498215353263,,,,,,,,,,,,,,,,,,,,,,,,,,,,,1.0060814813656371,,,,,,,,,,,,,,,,,,,,,,,,,,,,,,,,,,,,,,,1.315250564543474,,,,,,,,,,
2021-10-26 18:21:35.739999997,,,,,,,,,,,,,,,,,,,,,,,,,1.4905790303786066,,,,,,,,,,,,,,,,,,,,,1.5788444657982164,,,,,,,,,,,,,,,,,,,,,,,,,,,,,,,,,0.3912442095514792,,,,,,
2021-10-26 18:21:35.759999997,,,,,,,,0.9027015275978554,,,,,,,,,,,,,,,,,,,,,,,,,,,,,,,,,,,,,,,,,,,,,,,,,,,,,,,,,,,,,,,,,,0.7266206128399328,,,,,,,,,,,
2021-10-26 18:21:35.779999997,,,,,,,,,,,,,,,,,,,,,,,,,,,,,,,1.7008748605700188,,,,,,,,,,,,,,,,1.6548970442001685,,,,,,0.9673841179653642,,1.204511472124569,,,,,,,,,,,0.6414741305889808,,,,,,,,,,,,,,,,,,,
2021-10-26 18:21:35.799999997,,,,,,,,,,,,,,,,,,,,,,,,,,,,,,,,,,,,,,,,,,,,,,,,,,,,,,,,,,,,,,,,,,,,,,,,,,,,,,,,,,,,,
2021-10-26 18:21:35.819999997,,,,,,,,,,,,,,,,,,,,,,,,,,,0.5965925262626022,,,,,,,,,,,,,,,,,,,,,,,,,,,,,,,,,,,,,,,,,,,,,,,,,,,,,,,,,,
2021-10-26 18:21:35.839999997,,,,,,,,,,,,,,,,,,,,,,,,,,,,,,,,,,,,,,,,,,,,,,,,,,,,,,,,1.0512865851026412,,,,,,,,,,,,,,,,,,,,,,,,,,,,,
2021-10-26 18:21:35.859999997,,,,,,,,,,,,,5.3976046749312,,,,,,,,,,,,,,,,,0.6939697672693144,,,,,,,,,,,0.2944168379439741,,,,,,,,,,,,,,,,,,,,,,,,,,,,,,,,,,,,,,,,,,,,
2021-10-26 18:21:35.879999997,0.7911750692042272,,,,,,,,,,,1.9473624332889063,,,,,,,,,,,,,,,,,,,,,,,,,,,,,,,,,,,,,,,,,,,,,,,0.4332663025182663,,,,,,,,,,,,,,,,,,,,,,,,,,
2021-10-26 18:21:35.899999997,,,,,,,,,,,,,,,,,,,,,,,,,,,,,,,,,,,,,,,0.6465365877809557,,,,,,,,,,,,,,,,,,,,,,,,,,,,,,,,,,,,,,,,,,,,,,
2021-10-26 18:21:35.919999997,,,,1.3546778664116244,,,,,,,,,,,,,,,,,,,,,,,,,,,,,,,,1.0585245896513966,,,,,,,,,,,,,,,,,,,,,,,,,,,,,,,,,,,,,,,,0.9494770558032442,,,,,,,,,
2021-10-26 18:21:35.939999997,,,,,0.8843930707763946,,,,,,,,,,,,,,,,,,,,,,,,,,,,,,,,,,,,,,,,,,,,,,,,,,,,,,,,,,,,,,,,1.1315710845179154,,,,,,,,,,,,,,,,
2021-10-26 18:21:35.959999997,,,,,,,,,,,1.6075161520424068,,,,,1.0639781508836783,,,,,,,,,,,,,,,,,,,,,,,,,,,,,,,,,,,,,,,,,,,,,,,,,,,,,,,,,,,,,,,,,,,0.241313604982886,,
2021-10-26 18:21:35.979999997,,,,,,,,,,,,,,,,,,,,,,,,,,,,,,,0.9478823991164252,,,,,,,,,,,,,,,,,,,,1.0705085106781724,,,,,,,,,,,,,,,,,,,,,,,,,,,,,,,,,,
2021-10-26 18:21:35.999999997,,,,,,,,1.2991165657702417,,,,,,,,,,,,,,,,,,,,,,,,1.218041882277582,,,,,,,,,,,,,,,,,,,,,,,,,,,,1.6064427035250783,,,,,,0.4032432190041768,,,,,,,,,,,,,0.4913422423799684,,,,,,
2021-10-26 18:21:36.019999997,,,,,,,2.229054207794075,,,,,,,,,,,,,,,,,,,,,,,,,,,,,,,,,,,,,,,,1.4581632025544362,,,,,,,,,,,,,,,,,,,,,,,,,,,0.8168765407560286,,,,,,,,,,,
2021-10-26 18:21:36.039999997,,,,,,,,,,,,,,,,,,,,,,,,,,,,,,,,,,,,,,,,,,,,,,,,,,,,,,,,,,,,,,,,,,,,,,,,,,,,,,,,,,,,,
2021-10-26 18:21:36.059999997,,,,,,,,,,,,,,,,,,,,,,,,1.2480951565132574,1.482719785937641,,,,,,,,,,,,,,,,,,,0.4373882384260143,,,,,,,,,,,,,,,,,,,,,,,,,,,,,,,,,,,,,,,,,
2021-10-26 18:21:36.079999997,,,,,,,,,,,,,,,,,,,,,,0.7468322927831192,,,,,,,,,,,,,,,,,,,,,,,,1.6070880898496789,,,,,,1.5641543916276035,,,,,,,,,,,,,,,,,,,,,,,,,,,,,,,,,
2021-10-26 18:21:36.099999997,,,,,,,,,,,,,,,,,,,,,,,,,,,,,,,,,,,,,,,,,0.3069996793295934,,,,,,,,,,,,0.8208810511780016,,,0.2672170247460363,,,,,,,,,,,,,,,,,,,,,,,,,,,,,
2021-10-26 18:21:36.119999997,,,,,,,,,,,,,,0.1782698486589272,,,,,,,,,,,,,0.3909923892784905,,,,,,,,,,,,,,,,,,,,,,,,,,,,,,,,,,,,,,,,,,,,,,,,,,,,,,,,,,
2021-10-26 18:21:36.139999997,,,,,,,,,,,,,5.2269851435915164,,,,,,,,,,,,,,,,,,,,,,,,0.6441391080603976,,,,,,,,,,,,,,,,,,,,,,,,,,,,,,,,,,,,,,,,,,,,,,,,
2021-10-26 18:21:36.159999997,,,,,,,,,,,,,,,,,,,,,,,,,,,,,,0.9452712125496948,,,,,,,,,,,,,,,,,,,,,,,,,0.8760621298712341,,,,,,,,,,,,,,,,,,,,,,,,,,,,,,
2021-10-26 18:21:36.179999997,0.7979283167759366,,,,,,,,,,,,,,,,,,,,,,,,,,,,,,,,,,,,,,,,,,,,,,,,,,,,,,,,,,,,,,,,,,,,,,,,,,,,,,,,,,,,
2021-10-26 18:21:36.199999997,,,,,,,,,,,,,,,,,,,,,,,,,,,,,,,,,,,,,,,,,,,,,,,,,,,,,,,,,,,,,,,,,,,,,,,,,,,,0.732830618156664,,,0.3185449795732535,,,,,,
2021-10-26 18:21:36.219999997,,,,,0.9135673686136716,,,,,,1.714781845814735,,,,,,,,,,,,,,,,,,,,,,,,,,,,,0.2712711153791803,,,,,,,,,,,,,,,,,,,,,,,,,,,,,,,,,,,,,,,,,,,,,
2021-10-26 18:21:36.239999997,,,,0.8998453665615793,,,,,,,,,,,,,,,,,,,,,,,,,,,,,,,,,,,1.0934172549412795,,,,,,,,,,,,,,,,,,,,,,,,,,,0.4599875733194446,,,,,,,,,,,,,,,,,,,
2021-10-26 18:21:36.259999997,,,,,,,,,,,,1.981703533198948,,,,,,,,,,,,,,,,,,,,1.4625084529990513,,,,,,,,,,,,0.4520263697973649,,,1.603863087725013,,,,,,,,,,,,,,,,,,,,,,,,,,,0.9108196598057388,,,,,,,,,,,
2021-10-26 18:21:36.279999997,,,,,,,,,,,,,,,,,,,,,,,,,,,,,,,,,,,,,,,,,,,,,,,,,,,,,,,,,,,,,,,,,,,,,,,,,,,,,,,,,,,,,
2021-10-26 18:21:36.299999997,,,,,,,,,,,,,,,,,,,,,,,,,,,,,,,,,,,,1.089412051737512,,,,,0.6081530383977547,,,,,,,,,,,,,,,,,,,,,,,,,,,,,,,,,,,,,,,,,,,,
2021-10-26 18:21:36.319999997,,,,,,,1.860238247158132,,,,,,,,,,,,,,,,,,,,,,,,,,,,,,,,,,,,,,,,,,,,0.9812317300114218,,,,,,,,,,,,,,,,,,,,,,,,,,,,,,,,,,
2021-10-26 18:21:36.339999997,,,,,,,,,,,,,,,,,,,,,,,,0.4650831034679057,,,,,,,,,,,,,,,,,,,,,,,,,,,,,,,,,,,,,,,,,,,,,,,,,,,,,1.1443974833511854,,,,,,,,
2021-10-26 18:21:36.359999997,,,,,,,,,,,,,6.521442964410758,,,,,,,,,,,,,,,,,,,,,,,,,,,,,,,,,,,,,,,,,,,,,,,,,,,,,,,,,,,,,,,,,,,,,,,,
2021-10-26 18:21:36.379999997,,,,,,,,,,,,,,,,,,,,,,,,,,,,,,0.6980369386669358,,,,,,,0.7911931070705316,,,,,,,,,,,,,,,,,,,,,,,,,,,,,,,,1.30276633602394,,,,,,,,,,,,,,,,
2021-10-26 18:21:36.399999997,,,,,,,,,,,,,,,,,,,,,,,,,1.7760288430423317,,,,,,,,,,,,,,,,,,,,,,,,,,,,0.8109419595531224,,,,,,,,,,,,,,,,,,,,,,,,,,,,,,,,
2021-10-26 18:21:36.419999997,,,,,,,,,,,,,,,,,,,,,,,,,,,,,0.2550038641841211,,,,,,,,,,,,,,,,,,,,,,,,,,,,,,,,,,,,,,,,,,,,,,,,,,,,,,,,
2021-10-26 18:21:36.439999997,,,,,,,,,,,,,,,,,,,,,,,,,,,0.5046406644842498,,,,,,,,,,,,,0.1707580892741437,,,,,,1.608625295684473,,,,,,,,,,,,,,,,,,,,,,,,,,,,,,,,,,,,,,,
2021-10-26 18:21:36.459999997,,,,,,,,,,,,,,,,,,,,,,,,,,,,,,,,,,,,,,,,,,,,,,,,,,,,,,,,,,,,,,,,,,,,,,,,,,,,,,,,,,,,,
2021-10-26 18:21:36.479999997,0.5812291146460549,,,,,,,,,,,,,,,,,,,,,,,,,,,,,,,,,,,,,,,,,,,,,,,,,,,,,0.4223944364687365,,,,,,,,,,,,,,,,,,,,,,0.7295299714829491,,,0.371127768661856,,,,,,
2021-10-26 18:21:36.499999997,,,,,1.108909915987413,,,,,,1.8665074767577936,,,,,0.9471815168640608,,,,,,,,,,,,,,,,,,,,,,,,,,,,,,,1.7560213704699827,,,,,,,,,,,,,,,,,,,,,,,,,,,0.8638683349150076,,,,,,,,,,,
2021-10-26 18:21:36.519999997,,,,,,,,,,,,,,,,,,,,,,,,,,,,,,,,,,,,,,,,,0.3503032674926808,,,,,,,,,,,,,,,,,,,,,,,,,0.610547329262203,,,,,,,,,,,,,,,,,,,
2021-10-26 18:21:36.539999997,,,,,,,,,,,,,,,,,,,,,,,,,,,,,,,,,,,,,,,,,,,,,,,,,,,,,,,,,,,,,,,,,,,,,,,,,,,,,,,,,,,,,
2021-10-26 18:21:36.559999997,,,,,,,,,,,,,,,,,,,,,,,,,,,,,,,,1.6935823061871411,,,,1.003090766066976,,,,,,,,,,,,,,,,,,,1.1311501555500758,,,,,,,,,,,,,,,,,,,,,,,,,,,,,,
2021-10-26 18:21:36.579999997,,,,,,,1.8679029396639908,,,,,,,,,,,,,,,,,,,,,,,,,,,,,,,,0.7817982392623756,,,,,,,,,,,,,,,,,,,,,,,,,,,,,,,,,,,,,,0.9900092330548294,,,,,,,,
2021-10-26 18:21:36.599999997,,,,,,,,,,,,,,0.1931509503367407,,,,,,,,,,,,,,,,,,,,,,,,,,,,,,0.4187891795794724,,,,,,0.4671755052952738,,,,,,,,,,,,,,,,,,,,,,,,,,,,,,,,,,,
2021-10-26 18:21:36.619999997,,,,,,,,,,,,2.3826781589838184,5.22925207754534,,,,,,,,,,,,,,,,0.2816794869480039,,,,,,,,,,,,,,,,,,,,,,1.1003031000958896,,,,,,,,0.7298414559369789,,,,,,,,,,,,,,,,,,,,,,,,,,
2021-10-26 18:21:36.639999997,,,,,,,,,,,,,,,,,,,,,,,,0.6117917536185865,,,,,,0.6671450319378125,,,,,,,,,,,,,,,,,,,,,,,,,,,,,,,,,,,,,,,,,,,,,,,,,,,,,,,
2021-10-26 18:21:36.659999997,,,,,,,,,,,,,,,,,,,,,,,,,,,,,,,,,,,,,,,,,,,,,,,,,,,,,,,,,,,,,,,,,,,,,,,,,,,0.6183860217959487,,,,,,,,,,
2021-10-26 18:21:36.679999997,,,,,,,,,,,,,,,,,,,,,,,,,,,,,,,,,,,,,,,,,,,,,,,,,,,,,1.077614481376158,,,,,,,,,,,,,,,,,,,,,,,,,,,,,,,,
2021-10-26 18:21:36.699999997,,,,,,,,,,,,,,,,,,,,,,,,,,,,,,,,,,,,,,,,,,,,,,,,,,,,,,,,,,,,,,,,,,,,,,,,,,,,,,,0.3848161953056644,,,,,,
2021-10-26 18:21:36.719999997,,,,,,,,,,,,,,,,,,,,,,,,,,,0.469000524771502,,,,,,,,,,,,,,,,,,,,,,,,,,,,,,,,,,,,,,,0.4758283015419845,,,,,,,,,,,,,,,,,,,
2021-10-26 18:21:36.739999997,,,,,,,,,,,,,,,,,,,,,,,,,2.0009620201685983,,,,,,,,,,,,,,,,,,,,,,1.5190199765251644,,,,,,,,,,,,,,,,,,,,,,,,,,,,,0.6915492624310998,,,,,,,,,
2021-10-26 18:21:36.759999997,,,,0.8062749583798307,,,,,,,1.8836520273484787,,,,,,,,,,,2.679010045344315,,,,,,,,,,,,,,,,,,,,,,,,,,,,,,,,,,,,,,,,,,,,,,,,,,,,1.104088544316145,,,,,,,,,,,
2021-10-26 18:21:36.779999997,,,,,1.3142856524970612,,,,,,,,,,,,,,,,,,,,,,,,,,,,,,,1.0342927437667446,,,,,,,,,,1.5485400881298372,,,,,,,,,,,,,,,,,,,,,,,,,,,,,,,,,,,,,,,
2021-10-26 18:21:36.799999997,,,,,,,,,,,,,,,,,,,,,,,,,,,,,,,,,,,,,,,,,,,,0.4136495445765523,,,,,,,,,,,,,,,,,,,,,,,,,,,,,,,,,,,,,,,,,
2021-10-26 18:21:36.819999997,,,,,,,,,,,,,,,,,,,,,,,,,,,,,,,,,,,,,,,,,0.4339025124035287,,,,,,,,,,,,,,,,,,0.4598604232531449,,,,,,,,,,1.098026178099819,,,,,,,,,,,,,,,,
2021-10-26 18:21:36.839999997,0.4257814615846027,,,,,,,,,,,,4.708183522449718,,,,,,,,,,,,,,,,,,,1.5062914306012345,,,,,,,,,,,,,,,,,,,,,,,,,,,,,,,,,,,,,,,,,,,,,,,,,,,,,
2021-10-26 18:21:36.859999997,,,,,,,,,,,,,,,,,,,,,,,,,,,,,,,,,,,,,,,,,,,,,,,,,,,,,,,,,,,,,,,,,,,,,,,,,,,,,,,,,,,,,
2021-10-26 18:21:36.879999997,,,,,,,,,,,,,,,,,,,,,,,,,,,,,,,,,,,,,,,,,,,,,,,,,,,1.0795398822215612,,,,,,,,,,,,,,,,,,,,,,,,,,,,,,,,,,
2021-10-26 18:21:36.899999997,,,,,,,1.9760267347994975,,,,,,,,,,,,,,,,,,,,,,,0.8184285710167271,,,,,,,,,0.9901767242045644,,,,,,,,,,,,,,,0.2856111839236654,,,,,,,,,,,,,,,,,,,,,,,,,,,,,,,
2021-10-26 18:21:36.919999997,,,,,,,,1.615042865640813,,,,,,,,,,,,,,,,,,,,,,,,,,,,,,,,,,,,,,,,,,0.3819929693628672,,,,,,,,,,,,,,,,,,,,,,,,,,,,,,,,,,,
2021-10-26 18:21:36.939999997,,,,,,,,,,,,,,,,,,,,,,,,,,,,,,,,,,,,,,,,,,,,,,,,,,,,,,,,,,,,,,,,,,,,,,,,,,,,,,,,,,,,,
2021-10-26 18:21:36.959999997,,,,,,,,,,,,,,0.28777902797176,,,,,,,,,,,,,,,,,,,,,,,,,,,,,,,,,,,,,,,,,,,,,,,0.3943353466650995,,,,,,,,,,,,,,,,,,,,,,,,
2021-10-26 18:21:36.979999997,,,,,,,,,,,,1.7205461706672285,,,,,,,,,,,,,,,,,,,,,,,,,,,,,,,,,,,1.3899705440010353,,,,,,,,,,,,,,,,,,,,,,,,,,,,,,,,,,,,,,
2021-10-26 18:21:36.999999997,,,,,,,,,,,,,,,,,,,,,,,,,,,,,,,,,,,,,,,,,,,,,,,,,,,,,,,1.4990894778619963,,,,,,,,,,,,,,,,,,,,,,,,0.4590946972334326,,,,,,
2021-10-26 18:21:37.019999997,,,,,,,,,,,,,,,,,,,,,,1.070447727865798,,,,,,,,,,,,,,,,,,,,,,,,,,,,,,,,,,,,,,,,,,,,,,,,,,,,,,0.7072122569934783,,,,,,,,,
2021-10-26 18:21:37.039999997,,,,,1.186983742267755,,,,,,1.942970557480565,,,,,,,,,,,,,,,,0.4181989763959233,,,,,,,,,,,,,,,,,,,,,,,,,,,,,,,,,,,,,,,0.4273279596457783,,,,,,,,,,,,,,,,,,,
2021-10-26 18:21:37.059999997,,,,,,,,,,,,,,,,,,,,,,,,,,,,,,,,,,,,1.127362948893451,,,,,,,,,,,,,,,,,,,,,,,,,,,,,,,,,,,,,,,,,,,,,,,,,
2021-10-26 18:21:37.079999997,,,,,,,,,,,,,,,,,,,,,,,,0.4769427422145144,2.4608285550028333,,,,,,,,,,,,,,,,,,,,,,,,,,,,,,,,,,,,,,,,,,,,,,,,,,,,,,,,,,,,
2021-10-26 18:21:37.099999997,,,,,,,,,,,,,,,,,,,,,,,,,,,,,,,,,,,,,,,,,,,,0.5423024192486575,,,,,,,,0.6223314780474002,,,,,,,,,,,,,,,,,,,,,,,,,,,,,,,,,
2021-10-26 18:21:37.119999997,,,,,,,,1.0268101252161776,,,,,4.503985524462999,,,,,,,,,,,,,,,,,0.8312559043210206,,1.610173278611937,,,,,,,,,,,,,,1.337385187969372,,,,,,,,0.2955767699935523,,,,,,,,,,,,,,,,,,,,,,,,,,,,,,,
2021-10-26 18:21:37.139999997,,,,,,,,,,,,,,,,,,,,,,,,,,,,,,,,,,,,,,,,,,,,,,,,,,,,,,,,,,,,,,,,,,,,,,,,,,,,,,,,,,,0.2009630561363414,,
2021-10-26 18:21:37.159999997,0.3625823220714623,,,,,,,,,,,,,,,,,,,,,,,,,,,,,,,,,,,,,,,,,,,,,,,,,,,,,,,,,,,,,,,,,,,,,,,,,,,,,,,,,,,,
2021-10-26 18:21:37.179999997,,,,,,,2.4611653968263743,,,,,,,,,,,,,,,,,,,,,,,,,,,,,,,,,,,,,,,,,,,,,,,,,,,,,,,,,,,,,,,,,,,,,,,,,,,,,,
2021-10-26 18:21:37.199999997,,,,,,,,,,,,,,,,,,,,,,,,,,,,,,,,,,,,,,,,,,,,,,,,,,,,,,,,,,,,,,,,,,,,,,,,,,,,,,,,,,,,,
2021-10-26 18:21:37.219999997,,,,,,,,,,,,,,,,,,,,,,,,,,,,,,,,,,,,,,,1.0550548371560842,,,,,,,,1.2373673052678824,,,,0.9803375965162376,,,,,,,,,,,,,,,,,,,,,,,,,,,,,,,,,,
2021-10-26 18:21:37.239999997,,,,,,,,,,,,,,,,,,,,,,,,,,,,,,,,,,,,,,,,,,,,,,,,,,0.452405594260747,,,,,,,,,,,,,,,,,,,,,,,,,,,,,,,,,,,
2021-10-26 18:21:37.259999997,,,,,,,,,,,,,,,,,,,,,,,,,,,,,,,,,,,,,,,,,,,,,,,,,,,,,,,,,,,,,,,,,,,,,1.2291326757457035,,,,,0.9552659767092035,,,,,,,,,,,
2021-10-26 18:21:37.279999997,,,,,,,,,,,,,,0.4235819657400523,,,,,,,,,,0.5848983294203722,,,,,,,,,,,,,0.8938482140874621,,,,,,,,,,,,,,,,,,,,,,,,,,,,,,,,,,,,,,,0.7744055805032318,,,,,,,,,
2021-10-26 18:21:37.299999997,,,,,,,,,,,,,,,,,,,,,,,,,,,,,,,,,,,,,,,,,,,,,,,,,,,,,,,,,,,,,,,,,,0.4149034185470592,,,,,,,,,,,,,,,,,,,
2021-10-26 18:21:37.319999997,,,,,,,,,,,,,,,,,,,,,,,,,,,,,,,,,,,,,,,,,0.2720415003369804,,,,,,,,,,,,,,,,,,,,,,,,,,,,,,,,,,,,,,,,,,,,
2021-10-26 18:21:37.339999997,,,,,1.1209894065039454,,,,,,,1.9210458629945293,,,,,,,,,,,,,,,0.4515125221625676,,,,,,,,,,,,,,,,,0.4049223631534232,,,,,,,,,,,,,,,,,,,,,,,,,,,,,,,,,,,0.2697639094324488,,,,,,
2021-10-26 18:21:37.359999997,,,,,,,,,,,,,,,,,,,,,,,,,,,,,,,,,,,,1.2012522941920218,,,,,,,,,,,,,,,,,,,,,,,,,,,,,,,,,,,,,,,,,,,,,,,,,
2021-10-26 18:21:37.379999997,,,,,,,,,,,,,,,,,,,,,,,,,,,,,,,,,,,,,,,,,,,,,,,,,,,,5.160461454823785,,,1.386810717810397,,,,,,,,,,,,,,,,,,,,,,,,,,,,,,
2021-10-26 18:21:37.399999997,,,,,,,,2.0747953548494493,,,,,,,,,,,,,,,,,2.521200817732611,,,,,,,1.4553086380637472,,,,,,,,,,,,,,,,,,,,,,,,,,,,,,,,,,,,,,,,,,,,,,,,,,,,,
2021-10-26 18:21:37.419999997,,,,,,,,,,,,,,,,,,,,,,,,,,,,,,,,,,,,,,,,,,,,,,,,,,,,,,,,,,,,,,,,,,,,,,,,,,,,,,,,,,,,,
2021-10-26 18:21:37.439999997,,,,,,,,,,,,,,,,,,,,,,,,,,,,,,,,,,,,,,,,,,,,,,1.5072830574805631,1.4322249338531985,,,0.5297918582032216,,,,,,,,,,,,,,,,,,,,,,,,,,,,,,,,,,,
2021-10-26 18:21:37.459999997,0.6469004403915444,,,,,,,,,,,,,,,,,,,,,,,,,,,,,0.8314351854599813,,,,,,,,,,,,,,,,,,,,,,,,,,,,,,,,,,,,,,,,,,,,,,,,,,,,,,,
2021-10-26 18:21:37.479999997,,,,,,,,,,,,,,,,,,,,,,,,,,,,,,,,,,,,,0.638543369484994,,,,,,,,,,,,,,,,,,,,,,,,,,,,,,,,,,,,,,,,,,,,,,,,
2021-10-26 18:21:37.499999997,,,,,,,2.3767428974577545,,,,,,,,,,,,,,,,,0.7786268522179053,,,,,,,,,,,,,,,,,,,,,,,,,,,,,,,,,,,,,,,,,,,,,,,,,,,,,,,,,,,,,
2021-10-26 18:21:37.519999997,,,,,,,,,,,,,,,,,,,,,,,,,,,,,,,,,,,,,,,,,,,,,,,,,,,,,,,,,,,,,,,,,,0.4565252232748448,,,,,,,,,,,,,,,,,0.256204824726409,,
2021-10-26 18:21:37.539999997,,,,,,,,,,,,,,,,,,,,,,,,,,,,,,,,,,,,,,,,,,,,,,,,,,,0.9842540925214704,,,,,,,,,,,,,,,,,,,,,,,0.8367163200677245,,0.8698104072510342,,,,,,,,,
2021-10-26 18:21:37.559999997,,,,,,,,,,,,,,,,,,,,,,,,,,,,,,,,,,,,,,,0.7917319154998611,,,,,,,,,,,,,,,,,,,,,,,,,,,,,,,,,,,,,,,,,,,,,,
2021-10-26 18:21:37.579999997,,,,,,,,,,,,,,,,,,,,,,,,,,,,,,,,,,,,,,,,,,,,,,,,,,,,,,,,,,,,,,,,,,,,,,,,,,,,,,,,,,,,,
2021-10-26 18:21:37.599999997,,,,,,,,,,,,,,,,,,,,,,,,,,,0.4438120333349855,,,,,,,,,,,,,,,,,0.527028227381803,,,,,,,,1.2433347735227278,,,,,,,,,,,,,,,,,,,,,,,,,,,,,,,,,
2021-10-26 18:21:37.619999997,,,,,,,,,,,,,,,,,,,,,,,,,,,,,,,,,,,,,,,,,,,,,,,,,,,,,,,,,,,,,,,,,,,,,,,,,,,,,,,,,,,,,
2021-10-26 18:21:37.639999997,,,,,1.312765308446406,,,,,,,,,,,,,,,,,,,,,,,,,,,,,,,,,,,,,,,,,,,,,,,,,,,,,,,,,,,,,,,,,,,,,,,,,,,,,,,,
2021-10-26 18:21:37.659999997,,,,,,,,,,,,,,,,,,,,,,,,,,,,,,,,1.3662533745185326,,,,,,,,,,,,,,,2.092205398828313,,,,,,,,,,,,,,,,,,,,,,,,,,,,,,,,,0.398152093034506,,,,,
2021-10-26 18:21:37.679999997,,,,,,,,,,,,1.6579005337132564,,,,,,,,,,,,,,,,,,,,,,,,,,,,,,,,,,,,,,,,,,,,,,,,,,,,,,,,,1.2433791387262465,,,,,,,,,,,,,,,,
2021-10-26 18:21:37.699999997,,,,,,,,,,,,,,0.6738980466695139,,,,,,0.2343241520019136,,,,,,,,,,0.6676786694742605,,,,,,,,,,,,,,,,,,,,,,,,,,,,,,,,,,,,,,,,,,,,,,,,,,,,,,,
2021-10-26 18:21:37.719999997,,,,,,,,,,,,,,,,,,,,,,,,,2.0375061633791995,,,,,,,,,,,,,,,,,,,,,,,,,,,,,,,,,,,,,,,,,,,,,,,,,,,,,,,,,,,,
2021-10-26 18:21:37.739999997,,,,,,,,,,,,,,,,,,,,,,,,,,,,,,,,,,,,1.371611570404861,,,,,,,,,,,,,,,,,,,,,,,,,,,,,,,,,,,,,,,,,,,,,,,,,
2021-10-26 18:21:37.759999997,,,,,,,,,,,,,,,,,,,,,,,,0.8284718571486379,,,,,,,,,,,,,,,,,,,,,,,,,,,1.1412813772633472,,,,,,,,,,,,,,,0.4435898153617438,,,,,,,,,,,,,,,,,,,
2021-10-26 18:21:37.779999997,,,,,,,,,,,,,,,,,,,,,,,,,,,,,,,,,,,,,,,,,,,,,,1.5911117387968143,,,,,,,,,1.0581697187030217,,,,,,,,,,,,,,,,,,,0.8657436186450467,,,,,,,,,,,
2021-10-26 18:21:37.799999997,0.7574405267656459,,,,,,2.166094970605546,,,0.2770307968999107,,,,,,,,,,,,,,,,,,,,,,,,,,,,,,,,,,,,,,,,,,,,,,,,,,,,,,,,,,,,,,,,,,,,,,,,,,,
2021-10-26 18:21:37.819999997,,,,,,,,,,,,,,,,,,,,,,,,,,,,,,,,,,,,,,,,,,,,,,,,,,,,,,,,,,,,,,,,,,,,,,,,,,,,0.6876746884367189,,,,,,,,,
2021-10-26 18:21:37.839999997,,,,,,,,,,,,,,,,,,,,,,,,,,,,,,,,,,,,,,,,,,,,0.53135411014299,,,,,,,,,,,,,,,0.4357669944184122,,,,,,,,,,,,,,,,,,,,,,,,0.2696315591389464,,
2021-10-26 18:21:37.859999997,,,,,,,,,,,,,,,,,,,,,,,,,,,,,,,,,0.4287136196587911,,,,,,0.7473551026411636,,,,,,,,,,,,,,,,,,,,,,,,,,,,,,,,,,,,,,,,,,,,,,
2021-10-26 18:21:37.879999997,,,,,,,,1.1396826153056216,,,,,,,,,,,,,,,,,,,,,,,,,,,,,,,,,,,,,,,,,,,,,,,,,,,,,,,,,,,,,,,,,,,,,,,,,,,,,
2021-10-26 18:21:37.899999997,,,,,,,,,,,,,,0.5666894534348256,,,,,,,,,,,,,,,,,,,,,,,,,,,,,,,,,1.9218094133196495,,,,,,,,,,,,,,,,,,,,,,,,,,,,,,,,,,,,,,
2021-10-26 18:21:37.919999997,,,,,,,,,,,,,,,,,,,,0.3934165464632915,,,,,,,0.4119577959983725,,,,,,,,,,,,,,,,,,,,,,,,,,,,,,,,,,,,,,,,,,,,,,,,,,,,,,,,,,
2021-10-26 18:21:37.939999997,,,,,,,,,,,,,,,,,,,,,,,,,,,,,,,,1.7041302207159632,,,,,,,,,,,,,,,,,,,,,,0.1741751297399527,,,,,,,,,,,,,,,,,,,,,,,,,,,,,,,
2021-10-26 18:21:37.959999997,,,,,1.2043745567449675,,,,,,,,,,,,,,,,,,,,,,,,,,,,,,,,,,,,,,,,,,,,,,,,,,,,,,,,,,,,,,,,,,,,,,,,,,,,,,,,
2021-10-26 18:21:37.979999997,,,,,,,,,,,,,,,,,,,,,,,,,,,,,0.4241283024801665,,,,,,,,,,,,,,,,,,,,,,,,,,,,,,,,,,,,,,,,,,,,,,,,,,,0.2606924487561592,,,,,
2021-10-26 18:21:37.999999997,,,,,,,,,,,,,,,,,,,,,,,,,,,,,,,,,,,,,,,,,,,,,,,,,,0.59535090318212,,,,,,,,,,,,,,,,,,,,,,,,,,,,,,,,,,,
2021-10-26 18:21:38.019999997,,,,,,,,,,,,,,,,,,,,,,,,0.7803945753374933,,,,,,,,,,,,,,,,,,,,,,,,,,,,0.6308552641682366,,,,,,,,,,,,,,,,,,,,,,,,,,,,,,,,,
2021-10-26 18:21:38.039999997,,,,,,,,,,,,1.4629141076866643,,,,,,,,,,,,,,,,,,0.8004270956133713,,,,,,1.2122048826133456,,,,,,,,,,,,,,,,,,,,,,,,,,,,,,0.4731113355772024,,,,,,,,0.8361908203503347,,,,,,,,,,,
2021-10-26 18:21:38.059999997,,,,,,,,,,,,,,,,,,,,,,,,,,,,,,,,,,,,,,,,,,,,,,,,,,,,,,,,,,,1.0442248838859105,,,,,,,,,,,,,,,,,,,,,,,,,,
2021-10-26 18:21:38.079999997,0.759339583658385,,,,,,,,,,,,,,,,,,,,,1.1930253958058303,,,1.895092470058835,,,,,,,,,,,,,,,,,,,,,,,,,,,,,,1.1655346172453545,,,,,,,,,,,,,,1.5307636891616947,,,,,,,,,,,,,,,,
2021-10-26 18:21:38.099999997,,,,,,,1.773030063988993,0.8295391768378075,,,,,,,,,,,,,,,,,,,,,,,,,,,,,,,,,,,,,,,,,,,,,,,,,,,,,,,,,,,,,,,,,,,,0.9274436018304856,,,,,,,,,
2021-10-26 18:21:38.119999997,,,,,,,,,,,,,,,,,,,,,,,,,,,,,,,,,,,,,,,,,,,,,,1.247289936305196,1.974409500748574,,,,,,,,,,,,,,,,,,,,,,,,,,,,,,,,,,,,,,
2021-10-26 18:21:38.139999997,,,,,,,,,,,,,,,,,,,,,,,,,,,,,,,,,,,,,,,1.107918947330652,,,,,,,,,,,,1.059081483191887,,,,,,,,,,,,,,,,,,,,,,,,,,,,,,,,,,
2021-10-26 18:21:38.159999997,,,,,,,,,,,,,,,,,,,,0.2963913219023073,,,,,,,,,,,,,,,,,,,,,,,,,,,,,,,,,,,,,,,,,,,,,,,,,,,,,,,,,,,,,,,,,
2021-10-26 18:21:38.179999997,,,,,,,,,,,,,,,,,,,,,,,,,,,,,,,,,,,,,,,,,,,,,,,,,,,,,,,,,,,,,,,,,,,,,,,,,,,,,,,,,,,,,
2021-10-26 18:21:38.199999997,,,,,,,,,,,,,,,,,,,,,,,,,,,,,,,,,,,,,,,,,,,,,,,,,,,,,,0.2548321982085567,,,,,,,,,,,,,,,,,,,,,,,,,,,,,,,
2021-10-26 18:21:38.219999997,,,,,,,,,,,,,,,,,,,,,,,,,,,0.5339167625251129,,,,,,,,,,,,,,,,,,,,,,,,,,,,,,,,,,,,,,,,,,,,,,,,,,,,,,,,,,
2021-10-26 18:21:38.239999997,,,,,,,,,,,,,,,,,,,,,,,,,,,,,,,,1.5588910979840316,,,,,,,,,,,,0.3525649005616229,,,,,,,,,,,,,,,,,,,,,,,,,,,,,,,,,,,,,,,,,
2021-10-26 18:21:38.259999997,,,,,0.974654144111951,,,,,,,,,,,0.9129160764489732,,,,,,,,,,,,,,,,,,,,,,,,,,,,,,,,,,,,,,,,,,,,,,,,,,,,,,,,,,0.8412620509298636,,,,,,,,,,,
2021-10-26 18:21:38.279999997,,,,,,,,,,,,,,,,,,,,,,,,,,,,,,,,,,,,,,,,,,,,,,,,,,,,,,,,,,,,,,,,,,,,,,,,,,,,,,,,,,,,,
2021-10-26 18:21:38.299999997,,,,,,,,,,,,,,,,,,,,,,,,,,,,,,,,,,,,,,,,,,,,,,,,,,,,,,,,,,,,,,,,,,,,,,,,,,,,,,,,0.8300135096070868,,,,,
2021-10-26 18:21:38.319999997,,,,,,,,1.2433973253534325,,,,,,,,,,,,,,,,,,,,,0.2810443801960656,,,,,,,,,,,,,,,,,,,,,,,,,,,,,,,,,,,,,,,,,,,,,,,,,,,,,,,,
2021-10-26 18:21:38.339999997,,,,,,,,,,,,,,,,,,,,,,,,,,,,,,,,,,1.5176110448206703,,1.190095349223602,,,,,,,,,,,,,,,1.0093144689329892,,,,,,,,0.632330548039085,,,,,,,,,,,,,,,,,,,,,,,,,,
2021-10-26 18:21:38.359999997,0.6494633490282058,,,,,,,,,,,,,0.2795648296176092,,,,,,,,,,,,,,,,,,,,,,,,,,,,,,,,,2.114608243016236,,,,,,,,,,,,,,,,,,,,,,,,,,,,,0.8551253608660689,,,,,,,,,
2021-10-26 18:21:38.379999997,,,,,,,1.786881457639285,,,,,,,,,,,,,,,0.928015738750016,,,,,,,,,,,,,,,,,,,,,,,,,,,,,,,,,,,,,,,,,,,,,,,,,,,,,,,,,,,,,,,
2021-10-26 18:21:38.399999997,,,,,,,,,,,,1.5901330499048358,,,,,,,,,,,,,2.2328280332858133,,,,,,,,,,,,,,,,,,,,,,,,,,,,,,,,,,,,,,,,,,,,,,,,,,,,,,,,,,,,
2021-10-26 18:21:38.419999997,,,,,,,,,,,,,,,,,,,,0.2815532891785626,,,,,,,,,,,,,,,,,,,,,,,,,,,,,,,,,,,,,0.6916298607068974,,,,,,,,,,,,,,,,,,,,,,,,,,,,
2021-10-26 18:21:38.439999997,,,,,,,,,,,,,,,,,,,,,,,,,,,,,,,,,,,,,,,,,,,,,,1.6440021546521706,,,,,,,,,,,,,,,,,,,,,,,,,,,,,,,,,,,,,,,
2021-10-26 18:21:38.459999997,,,,,,,,,,,,,,,,,,,,,,,,,,,,,,,,,,,,,,,0.8597803271406915,,,,,0.2833832790313239,,,,,,,,,,,,,,,,,,,,,,,,,1.4234104052566512,,,,,,,,,,,,,,,,
2021-10-26 18:21:38.479999997,,,,,,,,,,,,,,,,,,,,,,,,,,,,,,,,,,,,,,,,,,,,,,,,,,,,,,0.2402453711138525,,,,,,,,,,,,,,,,,,,,,,,,,,,,,,,
2021-10-26 18:21:38.499999997,,,,,,,,,,,,,,,,,,,,,,,,,,,,,,,,,,,,,,,,,,,,,,,,,,0.3426161151255784,,,,,1.1973676245420313,,,,,,,,,,,,,,,,,,,0.8074366515073068,,,,,,,,,,,
2021-10-26 18:21:38.519999997,,,,,,,,,,,,,,,,,,,,,,,,,,,0.6473487301282936,,,0.7176958080090029,,1.6818909785849765,,,,,,,,,,,,,,,,,,,,,,,,,,,,,2.3177081921777223,,,,,,,,,,,,,,,,,,,,,,,,
2021-10-26 18:21:38.539999997,,,,,,,,,,,,,,,,,,,,,,,,,,,,,,,,,,,,,,,,,,,,,,,,,,,,,,,,,,,,,,,,,,,,,,,,,,,,,,,,,,,,,
2021-10-26 18:21:38.559999997,,,,,,,,,,,,,,,,,,,,,,,,,,,,,,,,,,,,,,,,,,,,,,,,,,,,,,,,,,,,,,,,,,,,,,,,,,,,,,,,,,,,,
2021-10-26 18:21:38.579999997,,,,,0.8545926289972371,,,,,,,,,,,0.8882320785868874,,,,,,,,,,,,,,,,,,,,,,,,,,,,,,,,,,,,,,,,,,,,0.9357686687400408,,,,,,,,,,,,,,,,,,,,,,,,,
2021-10-26 18:21:38.599999997,,,,,,,,,,,,,,,,,,,,,,,,,,,,,,,,,,,,,,,,,,,,,,,1.6162224801974636,,,,,,,,,,,,,,,,,,,,,,,,,,,,,,,,,,,,,,
2021-10-26 18:21:38.619999997,0.5698553239379011,,,,,,,,,,,,,,,,,,,0.1854157786546583,,,,,,,,,,,,,,0.5044601824630882,,,,,,,,,,,,,,,,,,,,,,,,,,,,,,,,0.6300192236258535,,,,,,,,,,0.9383518546833812,,,,,,,,,
2021-10-26 18:21:38.639999997,,,,,,,,,,,,,,,,,,,,,,0.7584946734929462,,,,,,,,,,,,,,1.195792922762409,,,,,,,,,,,,,,,,,,,,,,,,,,,,,,,,,,,,,,,,,,,,,,,,,
2021-10-26 18:21:38.659999997,,,,,,,,,,,,,,,,,,,,,,,,,,,,,,,,,,,,,,,,,,,,,,,,,,,,,,,,,,,,,,,,,,,,,,,,,,,,,,,,,,,,,
2021-10-26 18:21:38.679999997,,,,,,,,,,,,,,,,,,,,,,,,,,,,,,,,,,,,,,,,,0.2220570432471452,,,,,,,,,,,,,,,,,,,,,,,,,,,,,,,,,,,,,,,,,,,,
2021-10-26 18:21:38.699999997,,,,,,,,,,,,,,,,,,,,,,,,,,,,,,,,,,,,,,,,,,,,,,,,,,,,0.812165790924179,,0.1833357116133033,,,,,,,,,,,,,,,,,,,,,,,,,,,,,,,
2021-10-26 18:21:38.719999997,,,,,,,1.818770793053754,,,,,,,,,,,,,,,,,,1.7031638549597166,,,,,,,,,,,,,,,,,,,,,,,,,,,,,,,,2.7196811121750306,,,,,,,,,,,,,,,,,,,,,,,,,,,,
2021-10-26 18:21:38.739999997,,,,,,,,,,,,,,,,,,,,,,,,,,,,,,,,,,,,,,,0.949398393887788,,,,,0.3359332053708612,,,,,,,,,,,,,,,,,,,,,,,,,,,,,,0.6830388255209365,,,,,,,,,0.2317424036879565,,
2021-10-26 18:21:38.759999997,,,,,,,,,,,,,,,,,,,,,,,,,,,,,0.2505217650268986,,,,0.4221350891567842,,,,,,,,,,,,,,,,,,1.0475909680940916,,,,,,,,,,,,,,,,,,,,,,,,,,,,,0.421184776043924,,,,,
2021-10-26 18:21:38.779999997,,,,,,,,,,,,1.67577954619292,,,,,,,,,,,,,,,,,,,,,,,,,,,,,,,,,,1.6938848253876444,,,,,,,,,,,,,,1.15636395425654,,,,,,,,,,,,,,,,,,,,,,,,,
2021-10-26 18:21:38.799999997,,,,,,,,,,,,,,,,,,,,,,,,,,,0.7012073740459415,,,,,1.2887593631255307,,,,,,,,,,,,,,,,,,,,,,,,,,,,,,,,,,,,,1.5485330220679832,,,,,,,,,,,,,,,,
2021-10-26 18:21:38.819999997,,,,,,,,,,,,,,,,,,,,,,,,,,,,,,0.8857353156791707,,,,,,,,,,,,,,,,,,,,,,,,,,,,,,,,,,,,0.6440382708215326,,,,,,,,,,,,,,,,,,,
2021-10-26 18:21:38.839999997,,,,0.9389446255177722,,,,,,,,,,,,,,,,,,0.7728458230509209,,,,,,,,,,,,,,,,,,,,,,,,,1.22626129895833,,,,,,,,1.4643186911551145,,,,,,,,,,,,,,,,,,,,,,,,,,,,,,
2021-10-26 18:21:38.859999997,,,,,0.9734198201869686,,,,,,,,,,,,,,,,,,,,,,,,,,,,,,,,,,,,,,,,,,,,,,,,,,,,,,,,,,,,,,,,,,,,,,,,,,,,,,,,
2021-10-26 18:21:38.879999997,,,,,,,,,,,,,,,,,,,,,,,,,,,,,,,,,,,,,,,,,,,,,,,,,,,,,,,,,,,,,,,,,,,,,,,,,,,,0.7841703824089122,,,,,,,,,
2021-10-26 18:21:38.899999997,,,,,,,,,,,,,,,,,,,,0.3405213287053177,,,,,,,,,,,,,,,,,,,,,,,,,,,,,,,,,,,,,,,,,,,,,,,,,,,,,,,,,,,,,,,,,
2021-10-26 18:21:38.919999997,,,,,,,,,,,,,,,,,,,,,,,,,,,,,,,,,,1.6424885587246902,,,,,,,,,,,,,,,,,,0.957897078168936,,,,,,,,,,,,,,,,,,,,,,,,,,,,,,,,,
2021-10-26 18:21:38.939999997,,,,,,,,0.86494094170756,,,,,,,,,,,,,,,,,,,,,,,,,,,,,,,,,,,,,,,,,,,,,,,,,,,,,,,,,,,,,,,,,,,,,,,,,,,,,
2021-10-26 18:21:38.959999997,,,,,,,,,,,,,,,,,,,,,,,,,,,,,0.2552440056296416,,,,,,,,,,,,,,,,,,,,,,,,,,,,,,,,,,,,,,,,,,,,,,,,,,,0.3245888419308487,,,,,
2021-10-26 18:21:38.979999997,,,,,,,,,,,,,,,,,,,,,,,,,,,,,,,,,,,,,,,,,,,,,,,,,,0.5824932453441845,,,,,,,,,,,,,,,,,,,,,,,,0.7703383985452905,,,,,,,,,,,
2021-10-26 18:21:38.999999997,,,,,,,2.076574538277611,,,,,,,,,,,,,,,,,,,,,,,,,,,,,,,,1.1117693979359902,,,,,,,,,,,,,,,,,,,,,,,,,,,,,,,,,,,,,,,,,,,,,,
2021-10-26 18:21:39.019999997,,,,,,,,,,,,,,,,,,,,,,,,,,,,,,,,,,,,,,,,,,,,,,,,,,,,,,,,,2.278184636405737,,,,,,,,,,,,,,,,,,,,,,,,,,,,
2021-10-26 18:21:39.039999997,,,,,,,,,,,,,,,,,,,,,,,,,,,,,,,,,,,,,,,,,,,,,,,,,,,1.0960667256734709,,,,,,,,,,,,,,,,,,,,,,,,,,,,,,,,,,
2021-10-26 18:21:39.059999997,,,,,,,,,,,,,,,,,,,,,,,,,1.9521113599340605,,,,,,,,,,,0.9096216706972542,,,,,,,,0.4104465491808405,,,,,,,,,,,,,,0.4332847040357503,,,,,,,,,,,,,,,,,,,,,,,,,,,
2021-10-26 18:21:39.079999997,,,,,,,,,,,,,,,,1.1312483575268786,,,,,,,,,,,,,,0.7727146800628868,,,,,,,,,,,0.2971103137076835,,,,,,1.771477474295284,,,,,,,,,,,,,,,,,,,,,,,,,,,,,,,,,,,,,,
2021-10-26 18:21:39.099999997,,,,0.967005761221042,,,,,,,,,,,,,,,,,,,,,,,0.5924425285603987,,,,,1.4360928615645925,,,,,,,,,,,,,,,,,,,,,,,,,,,,0.8607699373731224,0.6055638243763692,,,,,0.54512279574736,,,,,,,,,,,,,,,,,,,
2021-10-26 18:21:39.119999997,,,,,,,,,,,,,,,,,,,,,,,,,,,,,,,,,,,,,,,,,,,,,,,,,,,,,,,,,,,,,,,,,,,,,,,,,,,,,,,,,,,,,
2021-10-26 18:21:39.139999997,,,,,,,,,,,,1.820102743537073,,,,,,,,,,,,,,,,,,,,,,,,,,,,,,,,,,1.6697464021102917,,,,,,,,,,,,,,,,,,,,,,,,,,,,,,,,,,,,,,,
2021-10-26 18:21:39.159999997,,,,,,,,,,,,,,,,,,,,,,,,,,,,,,,,,,,,,,,,,,,,,,,,,,,,,,,,,,,,,,,,,,,,,1.6523945798510635,,,,,,,0.8067264124018978,,,,0.3260976228410419,,,,,
2021-10-26 18:21:39.179999997,,,,,1.0335052583867863,,,,,,,,,,,,,,,,,,,,,,,,0.3509450449297013,,,,,,,,,,,,,,,,,,,,,,,0.6771569233409944,,,,,,,,,,,,,,,,,,,,,,,,,,,,,,,,,
2021-10-26 18:21:39.199999997,,,,,,,,1.8575241519628567,,,,,,,,,,,,,,,,,,,,,,,,,,,,,,,,,,,,,,,,,,,,,,,1.0791952091530623,,,,,,,,,,,,,,,,,,,,,,,,,,,,,,
2021-10-26 18:21:39.219999997,,,,,,,,,,,,,,,,,,,,0.5071489717928965,,,,,,,,,,,,,,,,,,,,,,,,,,,,,,,,,,0.1964138955715628,,,,,,,,,,,,,,,,,,,,,,,,,,,,,,,
2021-10-26 18:21:39.239999997,,,,,,,,,,,,,,,,,,,,,,,,,,,,,,,,,,,,,,,,,,,,,,,,,,,1.1536721791506042,,,,,,1.1900854283904658,,,,,,,,,,,,,,,,,0.7944914644281111,,,1.2381628343949185,,,,,,,,
2021-10-26 18:21:39.259999997,,,,,,,,,,,,,,,,,,,,,,,,,,,,,,,,,,,,,,,,,,,,,,,,,,,,,,,,,,,,,,,,,,,,,,,,,,,,,,,,,,,,,
2021-10-26 18:21:39.279999997,,,,,,,,,,,,,,,,,,,,,,,,,,,,,,,,,,,,,,,,,,,,0.3212748037485879,,,,,,,,,,,,,,,,,,,,,,,,,,,,,,,,,,,,,,,,,
2021-10-26 18:21:39.299999997,,,,,,,,,,,,,,,,,,,,,,,,,,,,,,,,,,,,,,,0.9174484972583208,,,,,,,,,,,,,,,,,,,,,,,,,,,,,,,,,,,,,,,,,,,,0.2556390651865319,,
2021-10-26 18:21:39.319999997,,,,,,,2.23327783238358,,,,,,,,,,,,,,,,,,,,,,,,,,,1.5680971794085985,,,,,,,0.2005956493191218,,,,,,1.3239069895975148,,,,,,,,,,,,,,,,,,,,,,,,,,,,,,,,,,,,,,
2021-10-26 18:21:39.339999997,,,,1.0967458468262463,,,,,,,,,,,,,,,,,,,,,,,,,,,,,,,,,,,,,,,,,,,,,,,,,,,,,,,,,,,,,,,,,,,,,,,,,,,,,,,,,
2021-10-26 18:21:39.359999997,,,,,,,,,,,,,,,,,,,,,,,,,,,,,,,,,,,,,,,,,,,,,,,,,,,,,,,,,,,,,,,,,,,,,,,,,,,,,,,,,,,,,
2021-10-26 18:21:39.379999997,,,,,,,,,,,,,,,,,,,,,,,,,,,,,,,,1.5013878558106453,,,,,,,,,,,,,,,,,,,,,,,,,,0.380327361991492,,,,,,,,,,,,,,,,,,,,,,0.4396342057832673,,,,,
2021-10-26 18:21:39.399999997,,,,,,,,,,,,,,,,,,,,,,,,,1.797470865610531,,,,,,,,,,,,,,,,,,,,,,,,,,,0.6255942710587232,0.7018450377044428,,,,,,,,,,,,,,,,,,,,,,,,,,,,,,,,
2021-10-26 18:21:39.419999997,,,,,,,,,,,,,,,,1.158895886138141,,,,,,,,,,,0.5470927579298825,,,,,,,,,,,,,,,,,,,,,,,2.6284748408985315,,,,,,,,,,,,,,,,,,,,,,,,,,,,,,,,,,,
2021-10-26 18:21:39.439999997,,,,,,,,,,,,,,,,,,,,,,,,,,,,,,,,,,,,,,,,,,,,,,,,,,,,,,,,,,,,,0.7769737676834212,,,,,,,,,,,,,,,0.9424965742011056,,,,,,,,,
2021-10-26 18:21:39.459999997,,,,,,,,,,,,,,,,,,,,,,,,,,,,,,,,,,,,0.9778801677536078,,,,,,,,,,,,,,,,,,,,,,,,,,,,,,,,,,,,,,,,,,,,,,,,,
2021-10-26 18:21:39.479999997,,,,,0.8933287074453338,,,,,,,,,,,,,,,,,,,,,,,,,,,,,,,,,,,,,,,,,,,,,,,,,0.5421600178991816,,,,,,,,,,,,,,,,,,,,,,,,,,,,,,,
2021-10-26 18:21:39.499999997,,,,,,,,,,,,1.6365219624685994,,,,,,,,,,,,,,,,,,,,,,,,,,,,,,,,,,,,,,,,,,,,,1.7544296310361664,,,,,,,,,,,,,,,,,,,,,,,,,,,,
2021-10-26 18:21:39.519999997,,,,,,,,,,,,,,,,,,,,,,,,,,,,,,,,,,,,,,,,,,,,,,1.41734418323341,,,,,,,,,,,,,,,,,,,,,,,1.445997972705899,,,,,,,,,,,,,,0.2957341675237084,,
2021-10-26 18:21:39.539999997,,,,,,,,,,,,,,,,,,,,,,,,,,,,,0.4531964861257194,,,,,0.5721974193263184,,,,,,,,,,0.3196014631178355,,,,,,,,,,,1.0219209471301232,,,,,,,,,,,,,,,,,,,,,,,,,,,,,,
2021-10-26 18:21:39.559999997,,,,,,,,,,,,,,,,,,,,,,0.8850774422236354,,,,,,,,,,,,,,,,,,,,,,,,,1.328790969170374,,,,,,,,,,,,,,,,,,,,,,,,,,,,,,,,,,,,,,
2021-10-26 18:21:39.579999997,,,,,,,,,,,,,,0.2039088209435121,,,,,,,,,,,,,,,,0.8262327945114065,,,,,,,,,,,,,,,,,,,,,,,,,,,,,,,,,,,,0.6566806812383792,,,,,,,,,,,,,,,,,,,
2021-10-26 18:21:39.599999997,,,,,,,,,,,,,,,,,,,,0.4118375809410882,,,,,,,,,,,,,,,,,,,,,,,,,,,,,,,,,,,,,,,,,,,,,,,,,,,,,,,,,0.8681408265666535,,,,,,,,
2021-10-26 18:21:39.619999997,,,,1.0747061837213605,,,,,,,,,,,,,,,,,,,,,,,,,,,,,,,,,,,,,,,,,,,,,,,,,,,,,,,,,,,,,,,,,,,,,,,,,,,,,,,,,
2021-10-26 18:21:39.639999997,,,,,,,2.0897350842788383,,,,,,,,,,,,,,,,,,,,,,,,,,,,,,,,,,0.2852273383704757,,,,,,,,,,0.9454787580058815,,,,,,,,,,,,,,,,,,,,,,,,,,,,,,,,,,
2021-10-26 18:21:39.659999997,,,,,,,,,,,,,,,,0.9230842038466776,,,,,,,,,,,,,,,,1.1969316522123996,,,,,,,0.7383165929943851,,,,,,,,,,,,,,0.5921901652408145,,,,,,,,,,,,,,,,,,,,,,,,,,,,,,,,
2021-10-26 18:21:39.679999997,,,,,,,,,,,,,,,,,,,,,,,,,,,,,,,,,,,,,,,,,,,,,,,,,,,,,,,,,,,,,,,,,,,,,,,,,,,,,,,,,,,,,
2021-10-26 18:21:39.699999997,,,,,,,,,,,,,,,,,,,,,,,,,,,,,,,,,,,,,,,,,,,,,,,,,,,,,,0.2440660117809763,,,,,,,,,,,,,,,,,,,,,,,,,,,,,,,
2021-10-26 18:21:39.719999997,,,,,,,,,,,,,,,,,,,,,,,,,,,0.6068802786488146,,,,,,,,,,,,,,,,,,,,,,,0.4014074399636637,,,,,,,,,,,,,,,,,,,,,,,,,,0.845999072390685,,,,,,,,,
2021-10-26 18:21:39.739999997,,,,,,,,2.588657678290965,,,,,,,,,,,,,,,,,,,,,,,,,,1.4383525506793418,,0.9170376552852626,,,,,,,,,,,,,,,,,,,,,,,,,0.5311780737535041,,,,,,,,,,,,,,,,,,,,,,,,
2021-10-26 18:21:39.759999997,,,,,0.7411281759761001,,,,,,,,,,,,,,,,,,,,2.271269723706097,,,,,,,,,,,,,,,,,,,0.3418708521288131,,,,,,,,,,,,,,,,,,,,,,,,,,,,,,,,,,,,0.5064450740254043,,,,,
2021-10-26 18:21:39.779999997,,,,,,,,,,,,,,,,,,,,,,,,,,,,,,0.9739465613171748,,,,,,,,,,,,,,,,,,,,,,,,,,,,,,,,,,,,,,,,,,,,,,,,,,,,,,,
2021-10-26 18:21:39.799999997,,,,,,,,,,,,,,,,,,,,,,,,,,,,,,,,,,,,,,,,,,,,,,,,,,,,,,,,,1.4357829823264578,,,,,,,,,,,,,,,,,,,,,,,,,,,,
2021-10-26 18:21:39.819999997,,,,,,,,,,,,,,,,,,,,,,,,,,,,,,,,,,,,,,,,,,,,,,,1.4770863407658832,,,,,,,,,,,,,,,,,,,,,,,,,,,,,,,,,,,,,,
2021-10-26 18:21:39.839999997,,,,,,,,,,,,,,,,,,,,,,,,,,,,,,,,,,,,,,,,,,,,,,1.5856046759438076,,,,,,,,,,,,,,,,,,,,,,,,,,,,,,,,,,,,,,,
2021-10-26 18:21:39.859999997,,,,,,,,,,,,,,,,,,,,,,,,,,,,,,,,,,,,,,,,,,,,,,,,,,,1.10727230334455,,,,,,,,,,,,,,,0.5163359952306059,,,,,,,,,,,,,,,,,,,
2021-10-26 18:21:39.879999997,,,,,,,,,,,,1.878540066961635,,,,,,,,,,,,,,,,,,,,,,,,,,,,,,,,,,,,,,,,,,,,,,,,,,,,,,,,,1.8275844917184607,,,,,,,,1.1131752384587834,,,,,,,,
2021-10-26 18:21:39.899999997,,,,,,,,,,,,,,,,,,,,,,,,,,,,,0.2984845682928071,,,,,,,,,,,,,,,,,,,,,,,,,,,,,,,,,,,,,,,,,,,,,,,,,,,,,,,,
2021-10-26 18:21:39.919999997,,,,,,,,,,,,,,,,,,,,,,,,,,,,,,,,,,,,,,,0.6598170639736549,,,,,,,,,,,,,,,0.1839664774006472,,,,0.402568879989835,,,,,,,,,,,,,,,,,,,,,,,,,,,
2021-10-26 18:21:39.939999997,,,,,,,,,,,,,,,,,,,,,,,,,,,,,,,,1.426958793254582,,,,,,,,,,,,,,,,,,,,,,,,,,,,,,,,,,,,,,,,,,,,,,,,,,,,,
2021-10-26 18:21:39.959999997,,,,,,,1.8252884105316356,,,,,,,,,,,,,,,,,,,,,,,,,,,,,,,,,,,,,,,,,,,,,,,,1.281096352932047,,,,,,,,,,,,,,,,,,,,,,,,,,,,,,
2021-10-26 18:21:39.979999997,,,,,,,,,,,,,,,,,,,,,,,,,,,,,,,,,,,,,,,,,,,,,,,,,,,,,0.5598270081746426,,,,,,,,,,,,,,,,,,,,,,,0.7921494293175042,,,,,,,,,
2021-10-26 18:21:39.999999997,,,,,,,,,,,,,,,,,,,,,,,,,,,,,,,,,,,,,,,,,,,,,,,,,,,,,,,,,,,,,,,,,,,,,,,,,,,,,,,,0.4927312827329176,,,,,
2021-10-26 18:21:40.019999997,,,,,,,,,,,,,,,,,,,,0.4793835294637658,,,,,,,0.5491404211605211,,,,,,0.3355021005995018,0.7265919586484267,,,,,,,,,,,,,,,,,,,,,,,,,,,,,,,,,,,,,,,,,,,,,,,,,,,
2021-10-26 18:21:40.039999997,,,,,,,,,,,,,,,,,,,,,,,,,,,,,,,,,,,,,,,,,,,,0.3309913738588414,,,,,,,,,,,,,,,,,,,,,,,,,,,,,,,,,,,,,,,0.3364801661445346,,
2021-10-26 18:21:40.059999997,,,,,,,,,,,,,,,,,,,,,,,,,,,,,,,,,,,,,,,,,,,,,,,,,,,,,,,,,,,,,,,,,,,,,,,,,,,,,,,,,,,,,
2021-10-26 18:21:40.079999997,,,,,0.8970792256949787,,,,,,,,,,,,,,,,,,,,,,,,,0.7196580011885683,,,,,,,,,,,,,,,,,1.2341749385567378,,,,,,,,,,,,,,,,,,,,,,,,,,,,,,,,,,,,,,
2021-10-26 18:21:40.099999997,,,,,,,,,,,,,,,,,,,,,,,,,2.1791241577014366,,,,,,,,,,,,,,,,,,,,,,,,,,,0.8766611714786025,,,,,,,,,,,,,,,,,,,,,,,,,,,,,,,,,
2021-10-26 18:21:40.119999997,,,,,,,,,,,,,,,,,,,,,,,,,,,,,,,,,,,,,,,,,,,,,,,,,,,1.0325304063920633,,,0.2563026827055292,,,1.4951550874215536,,,,,,,,,,,,,,,,,,,,,,,,,,,,
2021-10-26 18:21:40.139999997,,,,,,,,,,,,,,,,,,,,,,,,,,,,,,,,,,,,,,,,,,,,,,,,,,,,,,,,,,,,,,,,,,,,,,,,,,,,,,,,,,,,,
2021-10-26 18:21:40.159999997,,,,,,,,,,,,,,,,,,,,,,,,,,,,,,,,,,,,,,,,,,,,,,,,,,,,,,,,,,,,,,,,,,,,,,,,,,,,,,,,,,,,,
2021-10-26 18:21:40.179999997,,,,,,,,,,,,,,,,,,,,,,,,,,,,,,,,,,,,,,,,,,,,,,,,,,,,,,,,,,,,,,,,,,0.5749357425200041,,,,,,,,,,,,,,,,,,,
2021-10-26 18:21:40.199999997,,,,,,,,,,,,,,,,,,,,,,,,,,,,,,,,1.5297678432669255,,,,1.0059271903094984,,,,,,,,,,1.5006582987272186,,,,,,,,,,,,,,,0.4179367482470359,,,,,,,,,,,,,,,,1.2548296667580587,,,,,,,,
2021-10-26 18:21:40.219999997,,,,0.9898088233839024,,,,,,,,2.060087437962241,,,,,,,,,,,,,,,,,,,,,,,,,,,,,,,,,,,,,,,,,,,,,,,,,,,,,,,,,,,,,,,,,,,,,,,,,
2021-10-26 18:21:40.239999997,,,,,,,,,,,,,,,,,,,,,,,,,,,,,,,,,,1.6149619443950471,,,,,,,,,,,,,,,,,,,,,,,,,,,,,,,,,,,,,,,,,,,,,,,,,,,
2021-10-26 18:21:40.259999997,,,,,,,2.0852752965130423,,,,,,,,,,,,,,,,,,,,,,,,,,,,,,,,,,,,,,,,,,,,,,,,,,,,,,,,,,,,,,1.7951511304163796,,,,,,,0.8128957724290555,,,,,,,,,
2021-10-26 18:21:40.279999997,,,,,,,,,,,,,,,,,,,,,,,,,,,,,,,,,,,,,,,,,,,,0.4519329231009299,,,,,,,,,,,,,,,,,,,,,,,,,,,,,,,,,,,,0.5880938733085725,,,,,
2021-10-26 18:21:40.299999997,,,,,,,,,,,,,,,,,,,,0.534679887238321,,,,,,,,,,,,,,,,,,,,,,,,,,,,,,,,,0.6578652751232301,,,,,,,,,,,,,,,,,,,,,,,,,,,,,,,,
2021-10-26 18:21:40.319999997,,,,,,,,,,,,,,,,,,,,,,,,,,,0.6892432342522087,,,,,,,,,,,,,,,,,,,,1.5872752630126028,,,,,,,0.3328695517991416,,,,,,,,,,,,,,,,,,,,,,,,,,,,,,,
2021-10-26 18:21:40.339999997,,,,,,,,1.571147691327624,,,,,,,,,,,,,,,,,,,,,0.3987114256830405,,,,,,,,,,,,,,,,,,,,,,,0.740590979592117,,,,,,,,,,,,,,,,,,,,,,,,,,,,,,,,,
2021-10-26 18:21:40.359999997,,,,,,,,,,,,,,,,,,,,,,,,,,,,,,,,,,,,,,,,,,,,,,,,,,,,,,,0.8620872329302215,,,,,,,,,,,,,,,,,,,,,,,,,,,,,,
2021-10-26 18:21:40.379999997,,,,,,,,,,,,,,,,,,,,,,,,,,,,,,,,,,,,,,,,,,,,,,,,,,,,,,,,,,,,,,,,,,,,,,,,,,,,,,,,,,,,,
2021-10-26 18:21:40.399999997,,,,,,,,,,,,,,,,,,,,,,6.057514874168428,,,,,,,,1.0102558368076815,,,,,,,,,,,,,,,,,,,,,,,,,,,0.496711319320954,,,,,,,,,,,,,,,,,,,,,,,,,,,,
2021-10-26 18:21:40.419999997,,,,,0.8510233900429114,,,,,,,,,,,,,,,,,,,,,,,,,,,,,,,,,,,,,,,,,,,,,,,,,,,,,,,,,,,,,0.6505238799074982,,,,,,,,,,,,,,,,,0.2781208284988019,,
2021-10-26 18:21:40.439999997,,,,,,,,,,,,,,0.2374985200604953,,,,,,,,,,,,,,,,,,,,,,,,,,,,,,,,,,,,,,,,,,,,,,,,,,,,,,,,,,,,,,,,,,,,,,,
2021-10-26 18:21:40.459999997,,,,,,,,,,,,,,,,,,,,,,,,,,,,,,,,,,,,,,,,,,,,,,,,,,,,,,,,,,,,,,,,,,,,,,,,,,,,,,,,,,,,,
